requirement_id,research_topic_or_output,evidence_or_implementation,tests_figures_tables,completion_status,limitations,git_commit,source_fingerprint_sha256,config_path,config_sha256,provenance_path,provenance_sha256
Topic 1,Semiquinone g/hyperfine,provenance and six-state Hamiltonian,Table 1; Figure 7,bounded_complete,isotropic g only; hyperfine unavailable,1d8208b504af787754e184f77640f85675b5b634,01e64b526ae9ed2d5f192ae14068302e806c1e8b44576f4b4eb4b5f83a8e8039,configs/doxorubicin_parameters.json,b14b641f69afb70af9ff7557a062c2ce00e0b0cb74381ba69fcfaad4f17f04af,configs/parameter_provenance.csv,86c4261fcb9616a643db79340fe0b7398ba10a5c46464e67e8b697bcfc3a4ec9
Topic 2,O2 electronic parameters,provenance and disabled encounter tensors,Tables 1-2,evidence_review_complete,encounter tensors unavailable,1d8208b504af787754e184f77640f85675b5b634,01e64b526ae9ed2d5f192ae14068302e806c1e8b44576f4b4eb4b5f83a8e8039,configs/doxorubicin_parameters.json,b14b641f69afb70af9ff7557a062c2ce00e0b0cb74381ba69fcfaad4f17f04af,configs/parameter_provenance.csv,86c4261fcb9616a643db79340fe0b7398ba10a5c46464e67e8b697bcfc3a4ec9
Topic 3,Spin relaxation,phenomenological Lindblad sensitivity terms,"Figures 5,7,8",framework_complete,T1/T2 unavailable,1d8208b504af787754e184f77640f85675b5b634,01e64b526ae9ed2d5f192ae14068302e806c1e8b44576f4b4eb4b5f83a8e8039,configs/doxorubicin_parameters.json,b14b641f69afb70af9ff7557a062c2ce00e0b0cb74381ba69fcfaad4f17f04af,configs/parameter_provenance.csv,86c4261fcb9616a643db79340fe0b7398ba10a5c46464e67e8b697bcfc3a4ec9
Topic 4,Bulk SQ/O2 kinetics,reaction-identity and exact-condition gate,Figure 10; Table 1,condition_specific_complete,not encounter kD or kQ,1d8208b504af787754e184f77640f85675b5b634,01e64b526ae9ed2d5f192ae14068302e806c1e8b44576f4b4eb4b5f83a8e8039,configs/doxorubicin_parameters.json,b14b641f69afb70af9ff7557a062c2ce00e0b0cb74381ba69fcfaad4f17f04af,configs/parameter_provenance.csv,86c4261fcb9616a643db79340fe0b7398ba10a5c46464e67e8b697bcfc3a4ec9
Topic 5,Encounter coherence,six-state density-matrix framework,Figures 1-2,evidence_unavailable,no measured coherent encounter,1d8208b504af787754e184f77640f85675b5b634,01e64b526ae9ed2d5f192ae14068302e806c1e8b44576f4b4eb4b5f83a8e8039,configs/doxorubicin_parameters.json,b14b641f69afb70af9ff7557a062c2ce00e0b0cb74381ba69fcfaad4f17f04af,configs/parameter_provenance.csv,86c4261fcb9616a643db79340fe0b7398ba10a5c46464e67e8b697bcfc3a4ec9
Topic 6,D/Q reaction selectivity,exact projectors and kQ/kD coordinate,"Figures 3,4,6",sensitivity_complete,no physical ordering known,1d8208b504af787754e184f77640f85675b5b634,01e64b526ae9ed2d5f192ae14068302e806c1e8b44576f4b4eb4b5f83a8e8039,configs/doxorubicin_parameters.json,b14b641f69afb70af9ff7557a062c2ce00e0b0cb74381ba69fcfaad4f17f04af,configs/parameter_provenance.csv,86c4261fcb9616a643db79340fe0b7398ba10a5c46464e67e8b697bcfc3a4ec9
Topic 7,Escape/encounter lifetime,first-order escape coordinate,"Figures 4,7",sensitivity_complete,physical value unavailable,1d8208b504af787754e184f77640f85675b5b634,01e64b526ae9ed2d5f192ae14068302e806c1e8b44576f4b4eb4b5f83a8e8039,configs/doxorubicin_parameters.json,b14b641f69afb70af9ff7557a062c2ce00e0b0cb74381ba69fcfaad4f17f04af,configs/parameter_provenance.csv,86c4261fcb9616a643db79340fe0b7398ba10a5c46464e67e8b697bcfc3a4ec9
Topic 8,Exchange/dipolar/geometry,Hamiltonian and controls,Figure 7; Table 2,framework_complete,magnitudes and geometry unavailable,1d8208b504af787754e184f77640f85675b5b634,01e64b526ae9ed2d5f192ae14068302e806c1e8b44576f4b4eb4b5f83a8e8039,configs/doxorubicin_parameters.json,b14b641f69afb70af9ff7557a062c2ce00e0b0cb74381ba69fcfaad4f17f04af,configs/parameter_provenance.csv,86c4261fcb9616a643db79340fe0b7398ba10a5c46464e67e8b697bcfc3a4ec9
Topic 9,Downstream speciation/dismutation,species-resolved pulse kinetics,Figure 9; Table 1,bounded_complete,fixed pH and constant SOD,1d8208b504af787754e184f77640f85675b5b634,01e64b526ae9ed2d5f192ae14068302e806c1e8b44576f4b4eb4b5f83a8e8039,configs/doxorubicin_parameters.json,b14b641f69afb70af9ff7557a062c2ce00e0b0cb74381ba69fcfaad4f17f04af,configs/parameter_provenance.csv,86c4261fcb9616a643db79340fe0b7398ba10a5c46464e67e8b697bcfc3a4ec9
Topic 10,Experimental ROS validation,inactive authority datasets,Table 7,catalog_complete,datasets incomparable for fitting,1d8208b504af787754e184f77640f85675b5b634,01e64b526ae9ed2d5f192ae14068302e806c1e8b44576f4b4eb4b5f83a8e8039,configs/doxorubicin_parameters.json,b14b641f69afb70af9ff7557a062c2ce00e0b0cb74381ba69fcfaad4f17f04af,configs/parameter_provenance.csv,86c4261fcb9616a643db79340fe0b7398ba10a5c46464e67e8b697bcfc3a4ec9
Topic 11,Independent numerical behavior,matrix exponential versus Dormand-Prince,Figure 8; Table 5,complete,"numerical, not physical validation",1d8208b504af787754e184f77640f85675b5b634,01e64b526ae9ed2d5f192ae14068302e806c1e8b44576f4b4eb4b5f83a8e8039,configs/doxorubicin_parameters.json,b14b641f69afb70af9ff7557a062c2ce00e0b0cb74381ba69fcfaad4f17f04af,configs/parameter_provenance.csv,86c4261fcb9616a643db79340fe0b7398ba10a5c46464e67e8b697bcfc3a4ec9
Topic 12,Circuit consistency,three-qubit dense-unitary embedding,Figure 11; Table 6,conditional_complete,coherent simulator/embedding only,1d8208b504af787754e184f77640f85675b5b634,01e64b526ae9ed2d5f192ae14068302e806c1e8b44576f4b4eb4b5f83a8e8039,configs/doxorubicin_parameters.json,b14b641f69afb70af9ff7557a062c2ce00e0b0cb74381ba69fcfaad4f17f04af,configs/parameter_provenance.csv,86c4261fcb9616a643db79340fe0b7398ba10a5c46464e67e8b697bcfc3a4ec9
Output A,parameter provenance,Table 1,Table 1,complete,Interpret only within the stated evidence and sensitivity scope.,1d8208b504af787754e184f77640f85675b5b634,01e64b526ae9ed2d5f192ae14068302e806c1e8b44576f4b4eb4b5f83a8e8039,configs/doxorubicin_parameters.json,b14b641f69afb70af9ff7557a062c2ce00e0b0cb74381ba69fcfaad4f17f04af,configs/parameter_provenance.csv,86c4261fcb9616a643db79340fe0b7398ba10a5c46464e67e8b697bcfc3a4ec9
Output B,Hamiltonian and spin algebra,spin_chemistry.py; Figure 1,spin_chemistry.py; Figure 1,complete,Interpret only within the stated evidence and sensitivity scope.,1d8208b504af787754e184f77640f85675b5b634,01e64b526ae9ed2d5f192ae14068302e806c1e8b44576f4b4eb4b5f83a8e8039,configs/doxorubicin_parameters.json,b14b641f69afb70af9ff7557a062c2ce00e0b0cb74381ba69fcfaad4f17f04af,configs/parameter_provenance.csv,86c4261fcb9616a643db79340fe0b7398ba10a5c46464e67e8b697bcfc3a4ec9
Output C,initial-state benchmarks,Figures 2-3; Table 3,Figures 2-3; Table 3,complete,Interpret only within the stated evidence and sensitivity scope.,1d8208b504af787754e184f77640f85675b5b634,01e64b526ae9ed2d5f192ae14068302e806c1e8b44576f4b4eb4b5f83a8e8039,configs/doxorubicin_parameters.json,b14b641f69afb70af9ff7557a062c2ce00e0b0cb74381ba69fcfaad4f17f04af,configs/parameter_provenance.csv,86c4261fcb9616a643db79340fe0b7398ba10a5c46464e67e8b697bcfc3a4ec9
Output D,kQ/kD analysis,Figures 4 and 6,Figures 4 and 6,complete,Interpret only within the stated evidence and sensitivity scope.,1d8208b504af787754e184f77640f85675b5b634,01e64b526ae9ed2d5f192ae14068302e806c1e8b44576f4b4eb4b5f83a8e8039,configs/doxorubicin_parameters.json,b14b641f69afb70af9ff7557a062c2ce00e0b0cb74381ba69fcfaad4f17f04af,configs/parameter_provenance.csv,86c4261fcb9616a643db79340fe0b7398ba10a5c46464e67e8b697bcfc3a4ec9
Output E,reaction network,Figures 1 and 9,Figures 1 and 9,complete,Interpret only within the stated evidence and sensitivity scope.,1d8208b504af787754e184f77640f85675b5b634,01e64b526ae9ed2d5f192ae14068302e806c1e8b44576f4b4eb4b5f83a8e8039,configs/doxorubicin_parameters.json,b14b641f69afb70af9ff7557a062c2ce00e0b0cb74381ba69fcfaad4f17f04af,configs/parameter_provenance.csv,86c4261fcb9616a643db79340fe0b7398ba10a5c46464e67e8b697bcfc3a4ec9
Output F,supported claims,paper-results summary,paper-results summary,complete,Interpret only within the stated evidence and sensitivity scope.,1d8208b504af787754e184f77640f85675b5b634,01e64b526ae9ed2d5f192ae14068302e806c1e8b44576f4b4eb4b5f83a8e8039,configs/doxorubicin_parameters.json,b14b641f69afb70af9ff7557a062c2ce00e0b0cb74381ba69fcfaad4f17f04af,configs/parameter_provenance.csv,86c4261fcb9616a643db79340fe0b7398ba10a5c46464e67e8b697bcfc3a4ec9
Output G,unsupported claims,README and limitations,README and limitations,complete,Interpret only within the stated evidence and sensitivity scope.,1d8208b504af787754e184f77640f85675b5b634,01e64b526ae9ed2d5f192ae14068302e806c1e8b44576f4b4eb4b5f83a8e8039,configs/doxorubicin_parameters.json,b14b641f69afb70af9ff7557a062c2ce00e0b0cb74381ba69fcfaad4f17f04af,configs/parameter_provenance.csv,86c4261fcb9616a643db79340fe0b7398ba10a5c46464e67e8b697bcfc3a4ec9
Output H,configuration JSON,configs/doxorubicin_parameters.json,configs/doxorubicin_parameters.json,complete,Interpret only within the stated evidence and sensitivity scope.,1d8208b504af787754e184f77640f85675b5b634,01e64b526ae9ed2d5f192ae14068302e806c1e8b44576f4b4eb4b5f83a8e8039,configs/doxorubicin_parameters.json,b14b641f69afb70af9ff7557a062c2ce00e0b0cb74381ba69fcfaad4f17f04af,configs/parameter_provenance.csv,86c4261fcb9616a643db79340fe0b7398ba10a5c46464e67e8b697bcfc3a4ec9
Output I,machine-readable outputs,"data CSVs, table CSVs, manifest","data CSVs, table CSVs, manifest",complete,Interpret only within the stated evidence and sensitivity scope.,1d8208b504af787754e184f77640f85675b5b634,01e64b526ae9ed2d5f192ae14068302e806c1e8b44576f4b4eb4b5f83a8e8039,configs/doxorubicin_parameters.json,b14b641f69afb70af9ff7557a062c2ce00e0b0cb74381ba69fcfaad4f17f04af,configs/parameter_provenance.csv,86c4261fcb9616a643db79340fe0b7398ba10a5c46464e67e8b697bcfc3a4ec9
Output J,existing-repository and legacy mapping,README Legacy section,README Legacy section,complete,Interpret only within the stated evidence and sensitivity scope.,1d8208b504af787754e184f77640f85675b5b634,01e64b526ae9ed2d5f192ae14068302e806c1e8b44576f4b4eb4b5f83a8e8039,configs/doxorubicin_parameters.json,b14b641f69afb70af9ff7557a062c2ce00e0b0cb74381ba69fcfaad4f17f04af,configs/parameter_provenance.csv,86c4261fcb9616a643db79340fe0b7398ba10a5c46464e67e8b697bcfc3a4ec9
