workload_group,method,phase,status,matched_problem,timing_boundary,theoretical_core_array_bytes,theoretical_storage_scope,hardware,software,measured_peak_rss_limitation,transpilation_status,hardware_execution_status,sampling_status,interpretation,repetitions,warmup_repetitions,median_time_ms,minimum_time_ms,maximum_time_ms,measured_process_peak_rss_mib,git_commit,source_fingerprint_sha256,config_path,config_sha256,provenance_path,provenance_sha256
matched coherent statevector,NumPy dense six-state propagation,execution,measured,"same supplied normalized six-state vector, dense U=exp(-iHt), t=1/kref=1e-06 s",precomputed 6x6 unitary multiplied by supplied 6-element statevector,768,one 6x6 complex unitary plus input and output statevectors,Darwin arm64; logical CPUs=10; macOS-15.7.3-arm64-arm-64bit,Python 3.12.2; NumPy 2.3.2; Qiskit 2.1.1,whole Python-process high-water mark; not incremental or attributable to one operation,not applicable,not used,not used; exact statevectors and expectations,"bounded reproducibility benchmark only; no speed, efficiency, scaling, or quantum-advantage inference",7,2,0.0005,0.000416,0.000709,391.578125,9eee5f3553999d719c95a80396ab9426558f35a5,3c7e8e789e42c9c7be1434e3afa414263da3270ac27b2c8db66fcf910ecdb016,configs/doxorubicin_parameters.json,0b7d200aedee3aed703b810ad54927a2126d9ee0952f6ef87cf5ebb57992d345,configs/parameter_provenance.csv,86c4261fcb9616a643db79340fe0b7398ba10a5c46464e67e8b697bcfc3a4ec9
matched coherent statevector,Qiskit Statevector dense unitary,circuit construction,measured,"same supplied normalized six-state vector, dense U=exp(-iHt), t=1/kref=1e-06 s",construct QuantumCircuit and append precomputed 8x8 UnitaryGate,1024,embedded 8x8 complex unitary only; excludes Qiskit object overhead,Darwin arm64; logical CPUs=10; macOS-15.7.3-arm64-arm-64bit,Python 3.12.2; NumPy 2.3.2; Qiskit 2.1.1,whole Python-process high-water mark; not incremental or attributable to one operation,not applicable unless stated,not used,not used; exact statevectors and expectations,"bounded reproducibility benchmark only; no speed, efficiency, scaling, or quantum-advantage inference",7,2,0.035375,0.032709,0.038083,391.578125,9eee5f3553999d719c95a80396ab9426558f35a5,3c7e8e789e42c9c7be1434e3afa414263da3270ac27b2c8db66fcf910ecdb016,configs/doxorubicin_parameters.json,0b7d200aedee3aed703b810ad54927a2126d9ee0952f6ef87cf5ebb57992d345,configs/parameter_provenance.csv,86c4261fcb9616a643db79340fe0b7398ba10a5c46464e67e8b697bcfc3a4ec9
matched coherent statevector,Qiskit Statevector dense unitary,execution,measured,"same supplied normalized six-state vector, dense U=exp(-iHt), t=1/kref=1e-06 s",Statevector(input).evolve(preconstructed circuit); no transpilation or shots,1280,embedded unitary plus input and output 8-element statevectors,Darwin arm64; logical CPUs=10; macOS-15.7.3-arm64-arm-64bit,Python 3.12.2; NumPy 2.3.2; Qiskit 2.1.1,whole Python-process high-water mark; not incremental or attributable to one operation,not applicable unless stated,not used,not used; exact statevectors and expectations,"bounded reproducibility benchmark only; no speed, efficiency, scaling, or quantum-advantage inference",7,2,0.035542,0.033375,0.042125,391.578125,9eee5f3553999d719c95a80396ab9426558f35a5,3c7e8e789e42c9c7be1434e3afa414263da3270ac27b2c8db66fcf910ecdb016,configs/doxorubicin_parameters.json,0b7d200aedee3aed703b810ad54927a2126d9ee0952f6ef87cf5ebb57992d345,configs/parameter_provenance.csv,86c4261fcb9616a643db79340fe0b7398ba10a5c46464e67e8b697bcfc3a4ec9
matched coherent statevector,Qiskit Statevector dense unitary,post-processing,measured,"same supplied normalized six-state vector, dense U=exp(-iHt), t=1/kref=1e-06 s",compute D/Q expectations and unused-state leakage from exact statevector,2176,output statevector plus embedded D/Q projector arrays,Darwin arm64; logical CPUs=10; macOS-15.7.3-arm64-arm-64bit,Python 3.12.2; NumPy 2.3.2; Qiskit 2.1.1,whole Python-process high-water mark; not incremental or attributable to one operation,not applicable unless stated,not used,not used; exact statevectors and expectations,"bounded reproducibility benchmark only; no speed, efficiency, scaling, or quantum-advantage inference",7,2,0.003041,0.002875,0.003708,391.578125,9eee5f3553999d719c95a80396ab9426558f35a5,3c7e8e789e42c9c7be1434e3afa414263da3270ac27b2c8db66fcf910ecdb016,configs/doxorubicin_parameters.json,0b7d200aedee3aed703b810ad54927a2126d9ee0952f6ef87cf5ebb57992d345,configs/parameter_provenance.csv,86c4261fcb9616a643db79340fe0b7398ba10a5c46464e67e8b697bcfc3a4ec9
matched coherent statevector,Qiskit Statevector dense unitary,transpilation,not applicable,"same supplied normalized six-state vector, dense U=exp(-iHt), t=1/kref=1e-06 s",not applicable: Statevector evolves the inserted dense unitary directly,0,not applicable,Darwin arm64; logical CPUs=10; macOS-15.7.3-arm64-arm-64bit,Python 3.12.2; NumPy 2.3.2; Qiskit 2.1.1,whole Python-process high-water mark; not incremental or attributable to one operation,not applicable unless stated,not used,not used; exact statevectors and expectations,"bounded reproducibility benchmark only; no speed, efficiency, scaling, or quantum-advantage inference",0,0,,,,,9eee5f3553999d719c95a80396ab9426558f35a5,3c7e8e789e42c9c7be1434e3afa414263da3270ac27b2c8db66fcf910ecdb016,configs/doxorubicin_parameters.json,0b7d200aedee3aed703b810ad54927a2126d9ee0952f6ef87cf5ebb57992d345,configs/parameter_provenance.csv,86c4261fcb9616a643db79340fe0b7398ba10a5c46464e67e8b697bcfc3a4ec9
matched coherent statevector,Qiskit Statevector dense unitary,sampling,not applicable,"same supplied normalized six-state vector, dense U=exp(-iHt), t=1/kref=1e-06 s",not applicable: no finite-shot measurement is executed,0,not applicable,Darwin arm64; logical CPUs=10; macOS-15.7.3-arm64-arm-64bit,Python 3.12.2; NumPy 2.3.2; Qiskit 2.1.1,whole Python-process high-water mark; not incremental or attributable to one operation,not applicable unless stated,not used,not used; exact statevectors and expectations,"bounded reproducibility benchmark only; no speed, efficiency, scaling, or quantum-advantage inference",0,0,,,,,9eee5f3553999d719c95a80396ab9426558f35a5,3c7e8e789e42c9c7be1434e3afa414263da3270ac27b2c8db66fcf910ecdb016,configs/doxorubicin_parameters.json,0b7d200aedee3aed703b810ad54927a2126d9ee0952f6ef87cf5ebb57992d345,configs/parameter_provenance.csv,86c4261fcb9616a643db79340fe0b7398ba10a5c46464e67e8b697bcfc3a4ec9
matched coherent statevector,quantum hardware,hardware execution,not applicable,"same supplied normalized six-state vector, dense U=exp(-iHt), t=1/kref=1e-06 s",not applicable: no quantum hardware is used,0,not applicable,Darwin arm64; logical CPUs=10; macOS-15.7.3-arm64-arm-64bit,Python 3.12.2; NumPy 2.3.2; Qiskit 2.1.1,whole Python-process high-water mark; not incremental or attributable to one operation,not applicable unless stated,not used,not used; exact statevectors and expectations,"bounded reproducibility benchmark only; no speed, efficiency, scaling, or quantum-advantage inference",0,0,,,,,9eee5f3553999d719c95a80396ab9426558f35a5,3c7e8e789e42c9c7be1434e3afa414263da3270ac27b2c8db66fcf910ecdb016,configs/doxorubicin_parameters.json,0b7d200aedee3aed703b810ad54927a2126d9ee0952f6ef87cf5ebb57992d345,configs/parameter_provenance.csv,86c4261fcb9616a643db79340fe0b7398ba10a5c46464e67e8b697bcfc3a4ec9
matched classical open system,constant-generator matrix exponential,execution,measured,"same 39-component open-system IVP; mixture pD=0.75; matched H, reaction, relaxation, escape, 31 output times, t=4/kref","complete solver call including generator construction, propagation, and outputs",43680,39x39 generator plus 39-component stored trajectory; lower bound,Darwin arm64; logical CPUs=10; macOS-15.7.3-arm64-arm-64bit,Python 3.12.2; NumPy 2.3.2; Qiskit 2.1.1,whole Python-process high-water mark; not incremental or attributable to one operation,not applicable,not used,not used; exact statevectors and expectations,"bounded reproducibility benchmark only; no speed, efficiency, scaling, or quantum-advantage inference",7,2,1.625542,1.6205,1.635,391.578125,9eee5f3553999d719c95a80396ab9426558f35a5,3c7e8e789e42c9c7be1434e3afa414263da3270ac27b2c8db66fcf910ecdb016,configs/doxorubicin_parameters.json,0b7d200aedee3aed703b810ad54927a2126d9ee0952f6ef87cf5ebb57992d345,configs/parameter_provenance.csv,86c4261fcb9616a643db79340fe0b7398ba10a5c46464e67e8b697bcfc3a4ec9
matched classical open system,adaptive Dormand-Prince RK5(4),execution,measured,"same 39-component open-system IVP; mixture pD=0.75; matched H, reaction, relaxation, escape, 31 output times, t=4/kref",complete solver call including adaptive integration and output assembly,24336,stored 39-component trajectory plus eight stage/state vectors; lower bound,Darwin arm64; logical CPUs=10; macOS-15.7.3-arm64-arm-64bit,Python 3.12.2; NumPy 2.3.2; Qiskit 2.1.1,whole Python-process high-water mark; not incremental or attributable to one operation,not applicable,not used,not used; exact statevectors and expectations,"bounded reproducibility benchmark only; no speed, efficiency, scaling, or quantum-advantage inference",7,2,67.739875,66.676375,69.777375,391.578125,9eee5f3553999d719c95a80396ab9426558f35a5,3c7e8e789e42c9c7be1434e3afa414263da3270ac27b2c8db66fcf910ecdb016,configs/doxorubicin_parameters.json,0b7d200aedee3aed703b810ad54927a2126d9ee0952f6ef87cf5ebb57992d345,configs/parameter_provenance.csv,86c4261fcb9616a643db79340fe0b7398ba10a5c46464e67e8b697bcfc3a4ec9
