symbol,definition,value_or_range,unit,species,charge_state,environment,temperature,pH,method,uncertainty,source,status,limitations,use_class,code_location,permitted_use,git_commit,source_fingerprint_sha256,config_path,config_sha256,provenance_path,provenance_sha256
g_SQ,isotropic doxorubicin semiquinone g value,2.0035,dimensionless,doxorubicin semiquinone,protonation/formal charge not assigned,N2-purged 100 mM phosphate; 100 uM doxorubicin; 400 uM xanthine; 0.2 U xanthine oxidase in 2 mL,not reported,7.5,CW EPR; 1 G modulation; 40 G scan; 1 mW,not reported,https://doi.org/10.1016/0003-9861(91)90023-C,measured,isotropic one-line signal; no g tensor,sensitivity_and_initialization,active_model.encounter.g_radical,sensitivity_and_initialization,792c06cb8220719a14a0d04a954f240cbd6bb20c,1afbda6f7c930e34dd90ab95767796d038c4429c4f4c40c50f3e68f50bf98a71,configs/doxorubicin_parameters.json,0b7d200aedee3aed703b810ad54927a2126d9ee0952f6ef87cf5ebb57992d345,configs/parameter_provenance.csv,86c4261fcb9616a643db79340fe0b7398ba10a5c46464e67e8b697bcfc3a4ec9
deltaHpp_SQ,peak-to-peak aqueous one-line width,3.25,G,doxorubicin semiquinone,protonation/formal charge not assigned,N2-purged 100 mM phosphate; 100 uM doxorubicin; 400 uM xanthine; 0.2 U xanthine oxidase in 2 mL,not reported,7.5,CW EPR,not reported,https://doi.org/10.1016/0003-9861(91)90023-C,measured,unresolved hyperfine and homogeneous/inhomogeneous broadening; cannot uniquely convert to T2,validation_only,reference_evidence.hyperfine.aqueous_linewidth_pH7_5,validation_only,792c06cb8220719a14a0d04a954f240cbd6bb20c,1afbda6f7c930e34dd90ab95767796d038c4429c4f4c40c50f3e68f50bf98a71,configs/doxorubicin_parameters.json,0b7d200aedee3aed703b810ad54927a2126d9ee0952f6ef87cf5ebb57992d345,configs/parameter_provenance.csv,86c4261fcb9616a643db79340fe0b7398ba10a5c46464e67e8b697bcfc3a4ec9
deltaHpp_SQ_replication,independent aqueous one-line width,3.2,G,doxorubicin semiquinone,protonation/formal charge not assigned,hypoxic 50 mM Tris; 1 mM doxorubicin; 400 uM hypoxanthine; 0.1 U/mL xanthine oxidase,310 K,7.4,CW EPR,not reported,https://doi.org/10.1124/mol.115.098798,measured,unresolved line; not a hyperfine tensor or T2 measurement,validation_only,reference_evidence.hyperfine.aqueous_linewidth_replication,validation_only,792c06cb8220719a14a0d04a954f240cbd6bb20c,1afbda6f7c930e34dd90ab95767796d038c4429c4f4c40c50f3e68f50bf98a71,configs/doxorubicin_parameters.json,0b7d200aedee3aed703b810ad54927a2126d9ee0952f6ef87cf5ebb57992d345,configs/parameter_provenance.csv,86c4261fcb9616a643db79340fe0b7398ba10a5c46464e67e8b697bcfc3a4ec9
A_SQ,resolved doxorubicin/adriamycin semiquinone hyperfine values,numeric extraction unavailable,not available,adriamycin semiquinone,not reported in accessible abstract,not reported in accessible abstract,not reported in accessible abstract,not reported in accessible abstract,EPR; ENDOR; TRIPLE resonance; partial deuteration,not reported in accessible abstract,https://doi.org/10.1002/mrc.1260260812,measured_source_identified,resolved assignments were investigated; numeric table/tensors/signs/isotope mapping and conditions were not accessible; do not say not investigated,unavailable_for_parameterization,reference_evidence.hyperfine.exact_study,unavailable_for_parameterization,792c06cb8220719a14a0d04a954f240cbd6bb20c,1afbda6f7c930e34dd90ab95767796d038c4429c4f4c40c50f3e68f50bf98a71,configs/doxorubicin_parameters.json,0b7d200aedee3aed703b810ad54927a2126d9ee0952f6ef87cf5ebb57992d345,configs/parameter_provenance.csv,86c4261fcb9616a643db79340fe0b7398ba10a5c46464e67e8b697bcfc3a4ec9
lambda_0,gas-phase O2 spin-spin fine-structure constant,1.9847530,cm^-1,16O2 X3Sigma_g- v=0,neutral,gas phase,not extracted,pH not applicable,microwave/optical spectral fit,not available in accessible table,https://hitran.org/media/refs/HITRAN-1973.pdf,fitted,gas rovibronic Hamiltonian and convention; never transfer into solution encounter,context_only,reference_evidence.oxygen.gas.lambda_0,context_only,792c06cb8220719a14a0d04a954f240cbd6bb20c,1afbda6f7c930e34dd90ab95767796d038c4429c4f4c40c50f3e68f50bf98a71,configs/doxorubicin_parameters.json,0b7d200aedee3aed703b810ad54927a2126d9ee0952f6ef87cf5ebb57992d345,configs/parameter_provenance.csv,86c4261fcb9616a643db79340fe0b7398ba10a5c46464e67e8b697bcfc3a4ec9
gamma_0,gas-phase O2 spin-rotation constant,-8.42930e-3,cm^-1,16O2 X3Sigma_g- v=0,neutral,gas phase,not extracted,pH not applicable,microwave/optical spectral fit,not available in accessible table,https://hitran.org/media/refs/HITRAN-1973.pdf,fitted,gas rovibronic Hamiltonian; never transfer into solution encounter,context_only,reference_evidence.oxygen.gas.gamma_0,context_only,792c06cb8220719a14a0d04a954f240cbd6bb20c,1afbda6f7c930e34dd90ab95767796d038c4429c4f4c40c50f3e68f50bf98a71,configs/doxorubicin_parameters.json,0b7d200aedee3aed703b810ad54927a2126d9ee0952f6ef87cf5ebb57992d345,configs/parameter_provenance.csv,86c4261fcb9616a643db79340fe0b7398ba10a5c46464e67e8b697bcfc3a4ec9
D_O2_gas,axial D from D=2 lambda convention conversion,3.969506,cm^-1,16O2 X3Sigma_g- v=0,neutral,gas phase,not extracted,pH not applicable,derived convention conversion,not propagated,https://hitran.org/media/refs/HITRAN-1973.pdf,calculated,not a new measurement; sign and normalization depend on Hamiltonian convention,context_only,reference_evidence.oxygen.gas.derived_D,context_only,792c06cb8220719a14a0d04a954f240cbd6bb20c,1afbda6f7c930e34dd90ab95767796d038c4429c4f4c40c50f3e68f50bf98a71,configs/doxorubicin_parameters.json,0b7d200aedee3aed703b810ad54927a2126d9ee0952f6ef87cf5ebb57992d345,configs/parameter_provenance.csv,86c4261fcb9616a643db79340fe0b7398ba10a5c46464e67e8b697bcfc3a4ec9
D_O2_solid_air,axial matrix O2 zero-field splitting,3.572(3),cm^-1,ground-state O2,neutral,solid air condensed in waveguide,5 K,pH not applicable,94-550 GHz multifrequency EPR,0.003 cm^-1,https://doi.org/10.1006/jmre.2000.2175,measured_fitted,frozen solid only; prohibited as solution surrogate,context_only,reference_evidence.oxygen.matrix_solid_air,context_only,792c06cb8220719a14a0d04a954f240cbd6bb20c,1afbda6f7c930e34dd90ab95767796d038c4429c4f4c40c50f3e68f50bf98a71,configs/doxorubicin_parameters.json,0b7d200aedee3aed703b810ad54927a2126d9ee0952f6ef87cf5ebb57992d345,configs/parameter_provenance.csv,86c4261fcb9616a643db79340fe0b7398ba10a5c46464e67e8b697bcfc3a4ec9
D_O2_N2_matrix,O2 zero-field splitting in solid nitrogen,3.497,cm^-1,ground-state O2,neutral,O2 diluted in solid N2,15 K,pH not applicable,high-field high-frequency EPR,not reported,https://doi.org/10.1016/S0921-4526(00)00615-3,measured_fitted,temperature dependent; signal disappears above 25 K; g=2/no rhombicity fit,context_only,reference_evidence.oxygen.matrix_nitrogen,context_only,792c06cb8220719a14a0d04a954f240cbd6bb20c,1afbda6f7c930e34dd90ab95767796d038c4429c4f4c40c50f3e68f50bf98a71,configs/doxorubicin_parameters.json,0b7d200aedee3aed703b810ad54927a2126d9ee0952f6ef87cf5ebb57992d345,configs/parameter_provenance.csv,86c4261fcb9616a643db79340fe0b7398ba10a5c46464e67e8b697bcfc3a4ec9
T1_O2_solution,bulk dissolved oxygen electron spin-lattice relaxation,approximately 7.5,ps,ground-state O2,neutral,water; 1:1 water/glycerol; cyclohexane; methanol; benzene; acetone; acetonitrile; DMSO,room temperature,not reported/not applicable,proton magnetic relaxation dispersion,not reported in abstract,https://doi.org/10.1006/jmre.2000.2219,indirectly_fitted,bulk fluid scale; no direct time-domain O2 T1; not encounter-specific and not a static g/D/E tensor,sensitivity_context,reference_evidence.oxygen.bulk_solution,sensitivity_context,792c06cb8220719a14a0d04a954f240cbd6bb20c,1afbda6f7c930e34dd90ab95767796d038c4429c4f4c40c50f3e68f50bf98a71,configs/doxorubicin_parameters.json,0b7d200aedee3aed703b810ad54927a2126d9ee0952f6ef87cf5ebb57992d345,configs/parameter_provenance.csv,86c4261fcb9616a643db79340fe0b7398ba10a5c46464e67e8b697bcfc3a4ec9
K_O2_T4L,O2 association constant in T4 lysozyme L99A cavities,48,M^-1,ground-state O2,neutral,T4 lysozyme L99A; 50 mM phosphate; 25 mM NaCl,298 K,5.5,gas-pressure NMR plus MD,7 M^-1,https://doi.org/10.1038/srep20534,measured_fitted,protein-cavity association; not doxorubicin/O2 and not a spin-Hamiltonian value,context_only,reference_evidence.oxygen.protein_cavity.association,context_only,792c06cb8220719a14a0d04a954f240cbd6bb20c,1afbda6f7c930e34dd90ab95767796d038c4429c4f4c40c50f3e68f50bf98a71,configs/doxorubicin_parameters.json,0b7d200aedee3aed703b810ad54927a2126d9ee0952f6ef87cf5ebb57992d345,configs/parameter_provenance.csv,86c4261fcb9616a643db79340fe0b7398ba10a5c46464e67e8b697bcfc3a4ec9
tau_rot_O2_T4L,O2 rotational correlation components,0.164;1.41,ps,ground-state O2,neutral,T4 lysozyme L99A cavities; 50 mM phosphate; 25 mM NaCl,298 K,5.5,molecular dynamics fit,0.006;0.02 ps,https://doi.org/10.1038/srep20534,calculated_fitted,rapid orientation averaging; not doxorubicin encounter dynamics,context_only,reference_evidence.oxygen.protein_cavity.rotational_correlation,context_only,792c06cb8220719a14a0d04a954f240cbd6bb20c,1afbda6f7c930e34dd90ab95767796d038c4429c4f4c40c50f3e68f50bf98a71,configs/doxorubicin_parameters.json,0b7d200aedee3aed703b810ad54927a2126d9ee0952f6ef87cf5ebb57992d345,configs/parameter_provenance.csv,86c4261fcb9616a643db79340fe0b7398ba10a5c46464e67e8b697bcfc3a4ec9
g_D_E_O2_encounter,O2 g and ZFS tensors in transient doxorubicin-semiquinone/O2 encounter,unavailable,not available,ground-state O2,neutral,doxorubicin-semiquinone solution encounter,unavailable,unavailable,targeted primary-literature search,NA,NA,unavailable,not found; gas/matrix/liquid/protein values are not substitutes,sensitivity_only,reference_evidence.oxygen.doxorubicin_semiquinone_encounter,sensitivity_only,792c06cb8220719a14a0d04a954f240cbd6bb20c,1afbda6f7c930e34dd90ab95767796d038c4429c4f4c40c50f3e68f50bf98a71,configs/doxorubicin_parameters.json,0b7d200aedee3aed703b810ad54927a2126d9ee0952f6ef87cf5ebb57992d345,configs/parameter_provenance.csv,86c4261fcb9616a643db79340fe0b7398ba10a5c46464e67e8b697bcfc3a4ec9
T1_T2_Tm_SQ,doxorubicin or close anthracycline semiquinone electron-spin relaxation/dephasing,unavailable,s,doxorubicin semiquinone,unresolved,chemically relevant solution,unavailable,unavailable,pulse-EPR and linewidth search,NA,NA,unavailable,only unresolved CW linewidths found; chemical half-life is not spin relaxation,sensitivity_only,reference_evidence.hyperfine.spin_relaxation,sensitivity_only,792c06cb8220719a14a0d04a954f240cbd6bb20c,1afbda6f7c930e34dd90ab95767796d038c4429c4f4c40c50f3e68f50bf98a71,configs/doxorubicin_parameters.json,0b7d200aedee3aed703b810ad54927a2126d9ee0952f6ef87cf5ebb57992d345,configs/parameter_provenance.csv,86c4261fcb9616a643db79340fe0b7398ba10a5c46464e67e8b697bcfc3a4ec9
k_O2_total_pH6,total bulk semiquinone oxidation by O2,3.5e8,M^-1 s^-1,adriamycin semiquinone plus ground-state O2,biological-pH semiquinone described as internally protonated/zwitterionic; O2 neutral,aqueous phosphate/formate system; O2 or O2/N2 purge at least 30 min,room temperature,6.0,electron pulse radiolysis transient absorption,0.4e8 M^-1 s^-1,https://doi.org/10.1038/bjc.1985.74,measured,total channel only; homogeneous solution; no encounter geometry or spin resolution,quantitative_bulk_validation,parameter_records.doxorubicin_semiquinone_plus_oxygen_pH6,quantitative_bulk_validation,792c06cb8220719a14a0d04a954f240cbd6bb20c,1afbda6f7c930e34dd90ab95767796d038c4429c4f4c40c50f3e68f50bf98a71,configs/doxorubicin_parameters.json,0b7d200aedee3aed703b810ad54927a2126d9ee0952f6ef87cf5ebb57992d345,configs/parameter_provenance.csv,86c4261fcb9616a643db79340fe0b7398ba10a5c46464e67e8b697bcfc3a4ec9
k_O2_total_pH11_5,total bulk semiquinone oxidation by O2,1.7e8,M^-1 s^-1,adriamycin semiquinone plus ground-state O2,deprotonated semiquinone form; O2 neutral,aqueous borate/OH- system; O2 or O2/N2 purge at least 30 min,room temperature,11.5,electron pulse radiolysis transient absorption,0.2e8 M^-1 s^-1,https://doi.org/10.1038/bjc.1985.74,measured,total channel only; alkaline; no encounter geometry or spin resolution,quantitative_bulk_validation,parameter_records.doxorubicin_semiquinone_plus_oxygen_pH11_5,quantitative_bulk_validation,792c06cb8220719a14a0d04a954f240cbd6bb20c,1afbda6f7c930e34dd90ab95767796d038c4429c4f4c40c50f3e68f50bf98a71,configs/doxorubicin_parameters.json,0b7d200aedee3aed703b810ad54927a2126d9ee0952f6ef87cf5ebb57992d345,configs/parameter_provenance.csv,86c4261fcb9616a643db79340fe0b7398ba10a5c46464e67e8b697bcfc3a4ec9
k_O2_total_1981,earlier total bulk semiquinone oxidation by O2,4.4e7,M^-1 s^-1,adriamycin semiquinone plus O2,not reported in accessible source,aqueous buffer,not reported in accessible source,not reported in accessible source,pulse radiolysis,not reported,https://doi.org/10.1016/0003-9861(81)90263-0,measured,differs from 1985 values; missing conditions prevent reconciliation; never k_D,validation_only,parameter_records.doxorubicin_semiquinone_plus_oxygen_1981,validation_only,792c06cb8220719a14a0d04a954f240cbd6bb20c,1afbda6f7c930e34dd90ab95767796d038c4429c4f4c40c50f3e68f50bf98a71,configs/doxorubicin_parameters.json,0b7d200aedee3aed703b810ad54927a2126d9ee0952f6ef87cf5ebb57992d345,configs/parameter_provenance.csv,86c4261fcb9616a643db79340fe0b7398ba10a5c46464e67e8b697bcfc3a4ec9
t_half_SQ_anaerobic,semiquinone chemical half-life,50,us,adriamycin semiquinone,not reported in accessible source,anaerobic aqueous medium,not reported in accessible source,not reported in accessible source,pulse radiolysis,not reported,https://doi.org/10.1016/0003-9861(81)90263-0,measured,chemical loss not spin T1/T2 or encounter duration,context_only,reference_evidence.encounter.chemical_lifetime_context,context_only,792c06cb8220719a14a0d04a954f240cbd6bb20c,1afbda6f7c930e34dd90ab95767796d038c4429c4f4c40c50f3e68f50bf98a71,configs/doxorubicin_parameters.json,0b7d200aedee3aed703b810ad54927a2126d9ee0952f6ef87cf5ebb57992d345,configs/parameter_provenance.csv,86c4261fcb9616a643db79340fe0b7398ba10a5c46464e67e8b697bcfc3a4ec9
diffusion_distance_SQ,author-calculated bulk travel bounds,<0.6 anaerobic;<0.1 air-saturated,um,adriamycin semiquinone,not reported in accessible source,aqueous buffer,not reported in accessible source,not reported in accessible source,calculated from chemical lifetime/diffusion,not reported,https://doi.org/10.1016/0003-9861(81)90263-0,calculated,not pair separation or encounter radius; 8 us air-saturated chemical lifetime is not cage time,context_only,reference_evidence.encounter.diffusion_distance_context,context_only,792c06cb8220719a14a0d04a954f240cbd6bb20c,1afbda6f7c930e34dd90ab95767796d038c4429c4f4c40c50f3e68f50bf98a71,configs/doxorubicin_parameters.json,0b7d200aedee3aed703b810ad54927a2126d9ee0952f6ef87cf5ebb57992d345,configs/parameter_provenance.csv,86c4261fcb9616a643db79340fe0b7398ba10a5c46464e67e8b697bcfc3a4ec9
encounter_geometry_J_D_kassoc_ksep,separation; orientation; exchange; dipolar; association/separation; cage duration,unavailable,not available,doxorubicin-semiquinone/O2 encounter,unresolved,chemically relevant solution,unavailable,unavailable,targeted structure/EPR/kinetics search,NA,NA,unavailable,not reported in inspected exact-system papers and not found elsewhere,sensitivity_only,reference_evidence.encounter.geometry_exchange_dipolar_association_separation_duration,sensitivity_only,792c06cb8220719a14a0d04a954f240cbd6bb20c,1afbda6f7c930e34dd90ab95767796d038c4429c4f4c40c50f3e68f50bf98a71,configs/doxorubicin_parameters.json,0b7d200aedee3aed703b810ad54927a2126d9ee0952f6ef87cf5ebb57992d345,configs/parameter_provenance.csv,86c4261fcb9616a643db79340fe0b7398ba10a5c46464e67e8b697bcfc3a4ec9
DQ_coherence,direct spin-correlated coherent D/Q encounter evidence,unavailable,not available,doxorubicin-semiquinone/O2 encounter,unresolved,chemically relevant solution,unavailable,unavailable,targeted transient-EPR; CIDEP/CIDNP; magnetic-field; product-branching search,NA,NA,unavailable,retrieved exact-system studies did not investigate D/Q observables; no separate direct paper found,sensitivity_only,reference_evidence.encounter.coherence,sensitivity_only,792c06cb8220719a14a0d04a954f240cbd6bb20c,1afbda6f7c930e34dd90ab95767796d038c4429c4f4c40c50f3e68f50bf98a71,configs/doxorubicin_parameters.json,0b7d200aedee3aed703b810ad54927a2126d9ee0952f6ef87cf5ebb57992d345,configs/parameter_provenance.csv,86c4261fcb9616a643db79340fe0b7398ba10a5c46464e67e8b697bcfc3a4ec9
k_D,doublet encounter electron-transfer rate,unavailable,s^-1,doublet doxorubicin-semiquinone/O2 encounter,unresolved,chemically relevant solution,unavailable,unavailable,spin-resolved kinetics search,NA,NA,unavailable,bulk M^-1 s^-1 total rates cannot be converted or decomposed,illustrative_only,reference_evidence.encounter.k_D,illustrative_only,792c06cb8220719a14a0d04a954f240cbd6bb20c,1afbda6f7c930e34dd90ab95767796d038c4429c4f4c40c50f3e68f50bf98a71,configs/doxorubicin_parameters.json,0b7d200aedee3aed703b810ad54927a2126d9ee0952f6ef87cf5ebb57992d345,configs/parameter_provenance.csv,86c4261fcb9616a643db79340fe0b7398ba10a5c46464e67e8b697bcfc3a4ec9
k_Q,quartet encounter electron-transfer rate,unavailable,s^-1,quartet doxorubicin-semiquinone/O2 encounter,unresolved,chemically relevant solution,unavailable,unavailable,spin-resolved kinetics search,NA,NA,unavailable,no state-resolved rate or channel yield,illustrative_only,reference_evidence.encounter.k_Q,illustrative_only,792c06cb8220719a14a0d04a954f240cbd6bb20c,1afbda6f7c930e34dd90ab95767796d038c4429c4f4c40c50f3e68f50bf98a71,configs/doxorubicin_parameters.json,0b7d200aedee3aed703b810ad54927a2126d9ee0952f6ef87cf5ebb57992d345,configs/parameter_provenance.csv,86c4261fcb9616a643db79340fe0b7398ba10a5c46464e67e8b697bcfc3a4ec9
k_Q_over_k_D,quartet/doublet rate ratio,unavailable,dimensionless,doxorubicin-semiquinone/O2 encounter,unresolved,chemically relevant solution,unavailable,unavailable,spin-resolved kinetics search,NA,NA,unavailable,no defensible physical range or ordering; 0/0.01/0.1/1 are inactive illustrative benchmarks only,illustrative_only,reference_evidence.encounter.k_Q_over_k_D,illustrative_only,792c06cb8220719a14a0d04a954f240cbd6bb20c,1afbda6f7c930e34dd90ab95767796d038c4429c4f4c40c50f3e68f50bf98a71,configs/doxorubicin_parameters.json,0b7d200aedee3aed703b810ad54927a2126d9ee0952f6ef87cf5ebb57992d345,configs/parameter_provenance.csv,86c4261fcb9616a643db79340fe0b7398ba10a5c46464e67e8b697bcfc3a4ec9
pKa_HO2,hydroperoxyl acid dissociation constant,4.88,dimensionless,HO2 radical to O2 radical anion,neutral to -1,oxygen-saturated formic acid/sodium formate aqueous buffer,not reported,0-13 investigated,pulse radiolysis,0.10,https://doi.org/10.1021/j100711a009,measured,buffer absence explains disagreement with earlier values; not a membrane/protein pKa,quantitative_aqueous,reference_evidence.downstream.HO2_pKa,quantitative_aqueous,792c06cb8220719a14a0d04a954f240cbd6bb20c,1afbda6f7c930e34dd90ab95767796d038c4429c4f4c40c50f3e68f50bf98a71,configs/doxorubicin_parameters.json,0b7d200aedee3aed703b810ad54927a2126d9ee0952f6ef87cf5ebb57992d345,configs/parameter_provenance.csv,86c4261fcb9616a643db79340fe0b7398ba10a5c46464e67e8b697bcfc3a4ec9
k_HH,elementary HO2 plus HO2 dismutation rate,0.76e6,M^-1 s^-1,HO2 radical plus HO2 radical,neutral plus neutral,oxygen-saturated formic acid/sodium formate aqueous buffer,not reported,0-13 mechanism study,pulse-radiolysis decay,not reported,https://doi.org/10.1021/j100711a009,measured,species-resolved; do not call an O2- plus O2- rate,quantitative_aqueous,reference_evidence.downstream.k_HO2_HO2,quantitative_aqueous,792c06cb8220719a14a0d04a954f240cbd6bb20c,1afbda6f7c930e34dd90ab95767796d038c4429c4f4c40c50f3e68f50bf98a71,configs/doxorubicin_parameters.json,0b7d200aedee3aed703b810ad54927a2126d9ee0952f6ef87cf5ebb57992d345,configs/parameter_provenance.csv,86c4261fcb9616a643db79340fe0b7398ba10a5c46464e67e8b697bcfc3a4ec9
k_HA,elementary HO2 plus O2 radical-anion dismutation rate,8.5e7,M^-1 s^-1,HO2 radical plus superoxide,neutral plus -1,oxygen-saturated formic acid/sodium formate aqueous buffer,not reported,0-13 mechanism study,pulse-radiolysis decay,not reported,https://doi.org/10.1021/j100711a009,measured,requires explicit acid-base speciation,quantitative_aqueous,reference_evidence.downstream.k_HO2_O2minus,quantitative_aqueous,792c06cb8220719a14a0d04a954f240cbd6bb20c,1afbda6f7c930e34dd90ab95767796d038c4429c4f4c40c50f3e68f50bf98a71,configs/doxorubicin_parameters.json,0b7d200aedee3aed703b810ad54927a2126d9ee0952f6ef87cf5ebb57992d345,configs/parameter_provenance.csv,86c4261fcb9616a643db79340fe0b7398ba10a5c46464e67e8b697bcfc3a4ec9
k_AA,direct superoxide plus superoxide disproportionation upper bound,<100,M^-1 s^-1,superoxide plus superoxide,-1 plus -1,oxygen-saturated formic acid/sodium formate aqueous buffer,not reported,0-13 mechanism study,pulse-radiolysis bound,not reported,https://doi.org/10.1021/j100711a009,measured_upper_bound,2026 reevaluation gives tighter <0.3 M^-1 s^-1; common neutral-pH effective rates are not this elementary step,quantitative_aqueous,reference_evidence.downstream.k_O2minus_O2minus,quantitative_aqueous,792c06cb8220719a14a0d04a954f240cbd6bb20c,1afbda6f7c930e34dd90ab95767796d038c4429c4f4c40c50f3e68f50bf98a71,configs/doxorubicin_parameters.json,0b7d200aedee3aed703b810ad54927a2126d9ee0952f6ef87cf5ebb57992d345,configs/parameter_provenance.csv,86c4261fcb9616a643db79340fe0b7398ba10a5c46464e67e8b697bcfc3a4ec9
k_SOD_oxidation,bovine CuZnSOD oxidized-enzyme half-reaction,1.2e9,M^-1 s^-1,bovine CuZnSOD plus superoxide,enzyme state E0 plus -1,aqueous O2; EDTA; formate,not reported,not reported in accessible record,pulse radiolysis optical 650/300 nm,0.2e9 M^-1 s^-1,https://doi.org/10.1021/ja00790a007,measured,exact enzyme/preparation only; surrogate for human or mitochondrial SOD,sensitivity_benchmark,reference_evidence.downstream.k_CuZnSOD_oxidation,sensitivity_benchmark,792c06cb8220719a14a0d04a954f240cbd6bb20c,1afbda6f7c930e34dd90ab95767796d038c4429c4f4c40c50f3e68f50bf98a71,configs/doxorubicin_parameters.json,0b7d200aedee3aed703b810ad54927a2126d9ee0952f6ef87cf5ebb57992d345,configs/parameter_provenance.csv,86c4261fcb9616a643db79340fe0b7398ba10a5c46464e67e8b697bcfc3a4ec9
k_SOD_reduction,bovine CuZnSOD reduced-enzyme half-reaction,2.2e9,M^-1 s^-1,bovine CuZnSOD plus superoxide,enzyme state E- plus -1,aqueous O2; EDTA; formate,not reported,not reported in accessible record,pulse radiolysis optical 650/300 nm,0.4e9 M^-1 s^-1,https://doi.org/10.1021/ja00790a007,measured,exact enzyme/preparation only; surrogate otherwise,sensitivity_benchmark,reference_evidence.downstream.k_CuZnSOD_reduction,sensitivity_benchmark,792c06cb8220719a14a0d04a954f240cbd6bb20c,1afbda6f7c930e34dd90ab95767796d038c4429c4f4c40c50f3e68f50bf98a71,configs/doxorubicin_parameters.json,0b7d200aedee3aed703b810ad54927a2126d9ee0952f6ef87cf5ebb57992d345,configs/parameter_provenance.csv,86c4261fcb9616a643db79340fe0b7398ba10a5c46464e67e8b697bcfc3a4ec9
k_SOD_overall,overall bovine CuZnSOD-superoxide rate,2.37e9,M^-1 s^-1,native bovine CuZnSOD plus superoxide,enzyme plus -1,aqueous,298 K,not reported in accessible abstract,pulse radiolysis plus optical/EPR,0.18e9 M^-1 s^-1,https://doi.org/10.1042/bj1390049,measured,not a universal intracellular SOD1/SOD2 constant,sensitivity_benchmark,reference_evidence.downstream.k_CuZnSOD_overall,sensitivity_benchmark,792c06cb8220719a14a0d04a954f240cbd6bb20c,1afbda6f7c930e34dd90ab95767796d038c4429c4f4c40c50f3e68f50bf98a71,configs/doxorubicin_parameters.json,0b7d200aedee3aed703b810ad54927a2126d9ee0952f6ef87cf5ebb57992d345,configs/parameter_provenance.csv,86c4261fcb9616a643db79340fe0b7398ba10a5c46464e67e8b697bcfc3a4ec9
v_O2minus_heart_SMP,superoxide formation rate,control 1.6+/-0.2;doxorubicin 69.6+/-2.7,nmol min^-1 mg^-1,bovine-heart submitochondrial particles plus doxorubicin,doxorubicin HCl microspecies not reported,isolated submitochondrial particles,not reported in accessible abstract,not reported in accessible abstract,SOD-inhibitable cytochrome-c reduction,0.2;2.7,https://doi.org/10.1016/S0021-9258(17)35747-2,measured_mean_SE,90 uM dose; exact buffer oxygen and timing unavailable in accessible abstract,quantitative_matched_validation,validation_datasets.beef_heart_submitochondrial_superoxide,quantitative_matched_validation,792c06cb8220719a14a0d04a954f240cbd6bb20c,1afbda6f7c930e34dd90ab95767796d038c4429c4f4c40c50f3e68f50bf98a71,configs/doxorubicin_parameters.json,0b7d200aedee3aed703b810ad54927a2126d9ee0952f6ef87cf5ebb57992d345,configs/parameter_provenance.csv,86c4261fcb9616a643db79340fe0b7398ba10a5c46464e67e8b697bcfc3a4ec9
v_H2O2_heart_SMP,hydrogen peroxide formation rate,control undetectable;doxorubicin 2.2+/-0.3,nmol min^-1 mg^-1,bovine-heart submitochondrial particles plus doxorubicin,doxorubicin HCl microspecies not reported,isolated submitochondrial particles,not reported in accessible abstract,not reported in accessible abstract,catalase-released oxygen,0.3,https://doi.org/10.1016/S0021-9258(17)35747-2,measured_mean_SE,200 uM dose; detection limit and exact conditions not reported in accessible abstract,quantitative_matched_validation,validation_datasets.beef_heart_submitochondrial_H2O2,quantitative_matched_validation,792c06cb8220719a14a0d04a954f240cbd6bb20c,1afbda6f7c930e34dd90ab95767796d038c4429c4f4c40c50f3e68f50bf98a71,configs/doxorubicin_parameters.json,0b7d200aedee3aed703b810ad54927a2126d9ee0952f6ef87cf5ebb57992d345,configs/parameter_provenance.csv,86c4261fcb9616a643db79340fe0b7398ba10a5c46464e67e8b697bcfc3a4ec9
v_O2minus_Ehrlich_microsomes,SOD-inhibitable superoxide proxy rate; control vs drug,0.51+/-0.26 n=3;14.71+/-1.43 n=6,nmol min^-1 mg^-1,Ehrlich-Lettre tumor microsomes plus doxorubicin,doxorubicin HCl microspecies not reported,200 ug protein in 1 mL; 150 mM potassium phosphate; 100 uM EDTA; 1 mM NADPH,310 K,7.4,acetylated cytochrome-c reduction at 550 nm,0.26;1.43,https://doi.org/10.1155/2019/9474823,measured_mean_SE,135 uM dose; initial linear rate; oxygenation not separately reported,quantitative_matched_validation,validation_datasets.Ehrlich_microsome_superoxide,quantitative_matched_validation,792c06cb8220719a14a0d04a954f240cbd6bb20c,1afbda6f7c930e34dd90ab95767796d038c4429c4f4c40c50f3e68f50bf98a71,configs/doxorubicin_parameters.json,0b7d200aedee3aed703b810ad54927a2126d9ee0952f6ef87cf5ebb57992d345,configs/parameter_provenance.csv,86c4261fcb9616a643db79340fe0b7398ba10a5c46464e67e8b697bcfc3a4ec9
v_O2minus_Ehrlich_mitochondria,SOD-inhibitable superoxide proxy rate; control vs drug,1.12+/-0.15 n=7;7.29+/-0.61 n=10,nmol min^-1 mg^-1,Ehrlich tumor mitochondria plus doxorubicin,doxorubicin HCl microspecies not reported,100 ug protein/mL; sucrose/20 mM HEPES/100 uM EDTA; 100 uM NADH; 4 uM rotenone; 5 min preincubation,310 K,8.2,acetylated cytochrome-c reduction at 550 nm,0.15;0.61,https://doi.org/10.1155/2019/9474823,measured_mean_SE,135 uM dose; alkaline and rotenone-blocked; oxygenation not separately reported,quantitative_matched_validation,validation_datasets.Ehrlich_mitochondrial_superoxide,quantitative_matched_validation,792c06cb8220719a14a0d04a954f240cbd6bb20c,1afbda6f7c930e34dd90ab95767796d038c4429c4f4c40c50f3e68f50bf98a71,configs/doxorubicin_parameters.json,0b7d200aedee3aed703b810ad54927a2126d9ee0952f6ef87cf5ebb57992d345,configs/parameter_provenance.csv,86c4261fcb9616a643db79340fe0b7398ba10a5c46464e67e8b697bcfc3a4ec9
v_O2minus_Ehrlich_nuclei,SOD-inhibitable superoxide proxy rate; control vs drug,0.36+/-0.05 n=7;3.29+/-0.33 n=12,nmol min^-1 mg^-1,Ehrlich tumor nuclear fraction plus doxorubicin,doxorubicin HCl microspecies not reported,200 ug nuclear protein; sucrose/20 mM HEPES/100 uM EDTA; 1 mM NADPH,310 K,7.4,acetylated cytochrome-c reduction at 550 nm,0.05;0.33,https://doi.org/10.1155/2019/9474823,measured_mean_SE,135 uM dose; isolated fraction; oxygenation not separately reported,quantitative_matched_validation,validation_datasets.Ehrlich_nuclear_superoxide,quantitative_matched_validation,792c06cb8220719a14a0d04a954f240cbd6bb20c,1afbda6f7c930e34dd90ab95767796d038c4429c4f4c40c50f3e68f50bf98a71,configs/doxorubicin_parameters.json,0b7d200aedee3aed703b810ad54927a2126d9ee0952f6ef87cf5ebb57992d345,configs/parameter_provenance.csv,86c4261fcb9616a643db79340fe0b7398ba10a5c46464e67e8b697bcfc3a4ec9
v_H2O2_Ehrlich,H2O2 formation in microsomes; mitochondria; intact cells,3.42+/-0.48 n=4;2.6+/-0.6 n=3;0.64+/-0.04 n=3,nmol min^-1 mg^-1; nmol min^-1 per 1e7 cells,Ehrlich tumor fractions or intact cells plus doxorubicin,doxorubicin HCl microspecies not reported,fraction buffers as above; intact 1.5e7 cells/3 mL Chelex-treated PBS,310 K,7.4 microsomes;8.2 mitochondria;cell PBS pH not reported,catalase-released oxygen; linear 10-30 min interval,0.48;0.6;0.04,https://doi.org/10.1155/2019/9474823,measured_mean_SE,135 uM fractions;400 uM cells; controls undetectable with detection limits not reported; PBS air-bubbled 30 min,quantitative_matched_validation,validation_datasets.Ehrlich_H2O2,quantitative_matched_validation,792c06cb8220719a14a0d04a954f240cbd6bb20c,1afbda6f7c930e34dd90ab95767796d038c4429c4f4c40c50f3e68f50bf98a71,configs/doxorubicin_parameters.json,0b7d200aedee3aed703b810ad54927a2126d9ee0952f6ef87cf5ebb57992d345,configs/parameter_provenance.csv,86c4261fcb9616a643db79340fe0b7398ba10a5c46464e67e8b697bcfc3a4ec9
H2O2_PC3,apparent intracellular steady-state hydrogen peroxide,basal 13+/-4;1 uM doxorubicin 51+/-13,pM,PC3 human prostate cancer cells plus doxorubicin,doxorubicin microspecies not reported,cell culture,310 K,not reported for intracellular measurement,catalase-aminotriazole kinetic assay,4;13 pM,https://doi.org/10.1016/j.abb.2005.06.015,measured_derived,30 min exposure; oxygen fraction not reported; extracellular Amplex Red did not increase; catalase overexpression did not improve resistance,quantitative_matched_validation,validation_datasets.PC3_intracellular_H2O2,quantitative_matched_validation,792c06cb8220719a14a0d04a954f240cbd6bb20c,1afbda6f7c930e34dd90ab95767796d038c4429c4f4c40c50f3e68f50bf98a71,configs/doxorubicin_parameters.json,0b7d200aedee3aed703b810ad54927a2126d9ee0952f6ef87cf5ebb57992d345,configs/parameter_provenance.csv,86c4261fcb9616a643db79340fe0b7398ba10a5c46464e67e8b697bcfc3a4ec9
MitoSOX_H9c2,relative mitochondrial oxidant fluorescence,1.40+/-0.04;1.80+/-0.08;2.80+/-0.08,fold control,rat H9c2 cardiomyoblasts plus doxorubicin,doxorubicin microspecies not reported,HBSS with Ca/Mg and 1% BSA; 5 uM MitoSOX,310 K,not reported,1 h fluorescence,0.04;0.08;0.08,https://doi.org/10.1016/j.bbrc.2007.04.106,measured_mean_SD,10/20/50 uM doses; n=3; oxygen not reported; doxorubicin autofluorescence and nonspecific probe products prohibit absolute calibration,sensitivity_only,validation_datasets.H9c2_MitoSOX,sensitivity_only,792c06cb8220719a14a0d04a954f240cbd6bb20c,1afbda6f7c930e34dd90ab95767796d038c4429c4f4c40c50f3e68f50bf98a71,configs/doxorubicin_parameters.json,0b7d200aedee3aed703b810ad54927a2126d9ee0952f6ef87cf5ebb57992d345,configs/parameter_provenance.csv,86c4261fcb9616a643db79340fe0b7398ba10a5c46464e67e8b697bcfc3a4ec9
negative_5_imino,quinone-disabled anthracycline negative control,doxorubicin 14.71+/-1.43;5-iminodaunorubicin 0.45+/-0.15,nmol min^-1 mg^-1,Ehrlich microsomes plus anthracycline,dissolved microspecies not reported,microsomal system above,310 K,7.4,acetylated cytochrome-c reduction,1.43;0.15,https://doi.org/10.1155/2019/9474823,measured_mean_SE,both 135 uM; supports quinone dependence but not D/Q selectivity,qualitative_disconfirming,validation_datasets.quinone_disabled_negative_control,qualitative_disconfirming,792c06cb8220719a14a0d04a954f240cbd6bb20c,1afbda6f7c930e34dd90ab95767796d038c4429c4f4c40c50f3e68f50bf98a71,configs/doxorubicin_parameters.json,0b7d200aedee3aed703b810ad54927a2126d9ee0952f6ef87cf5ebb57992d345,configs/parameter_provenance.csv,86c4261fcb9616a643db79340fe0b7398ba10a5c46464e67e8b697bcfc3a4ec9
