scenario_id,initial_state,initial_state_definition,p_doublet_requested,p_doublet_initial,reference_rate_s^-1,duration_over_reference,duration_s,mixing_over_reference,local_mixing_proxy_rad_s,radical_relaxation_over_reference,radical_relaxation_s^-1,oxygen_relaxation_over_reference,oxygen_relaxation_s^-1,escape_over_reference,k_escape_s^-1,kd_over_reference,k_doublet_s^-1,kq_over_kd,k_quartet_s^-1,final_doublet_population,final_quartet_population,final_total_survival,doublet_reaction_yield_per_encounter,quartet_reaction_yield_per_encounter,primary_superoxide_yield_per_encounter,escape_yield_per_encounter,unresolved_probability,probability_balance,probability_balance_error,solver,solver_samples,output_class,units,non_predictive,limitations,scenario,relaxation_over_reference,samples,survival_probability,commit,dirty_tree,source_fingerprint_sha256,config_identity,config_sha256,provenance_identity,provenance_sha256
baseline,unpolarized,unpolarized I6/6,,0.33333333333333337,1000000.0,8.0,8e-06,1.0,1000000.0,0.1,100000.0,0.1,100000.0,1.0,1000000.0,1.0,1000000.0,0.1,100000.0,5.533428438770475e-06,3.790048437383946e-05,4.343391281260993e-05,0.18482905443207467,0.0572998597475481,0.2421289141796228,0.7578276519075532,4.343391281260993e-05,0.9999999999999886,1.1435297153639112e-14,constant-generator matrix exponential Pade(13),81,dimensionless populations/per-encounter yields,dimensionless per encounter unless field name gives s^-1 or s,True,"Illustrative one-factor-at-a-time grid; bounds are not measured ranges or probability priors. Results are populations and per-encounter yields, not concentrations or biological fluxes. No encounter yield is converted to molarity, and no continuous biological ROS source is modeled.",baseline,0.1,81,4.343391281260993e-05,4e863b04abf00d77462be6bdf33a6b2ad343ab81,True,5be1e94298b14dbd9a2bead98c4b7ccfcddf8b3283caa5e1610ddb3259caa269,configs/doxorubicin_parameters.json,0b7d200aedee3aed703b810ad54927a2126d9ee0952f6ef87cf5ebb57992d345,configs/parameter_provenance.csv,86c4261fcb9616a643db79340fe0b7398ba10a5c46464e67e8b697bcfc3a4ec9
baseline,doublet,doublet-manifold mixture PD/2,,0.9999999999999999,1000000.0,8.0,8e-06,1.0,1000000.0,0.1,100000.0,0.1,100000.0,1.0,1000000.0,1.0,1000000.0,0.1,100000.0,2.6455767228142466e-06,1.395470859349718e-05,1.6600285316311427e-05,0.4333861334320319,0.012110102986419255,0.44549623641845115,0.5544871632962205,1.6600285316311427e-05,0.999999999999988,1.199040866595169e-14,constant-generator matrix exponential Pade(13),81,dimensionless populations/per-encounter yields,dimensionless per encounter unless field name gives s^-1 or s,True,"Illustrative one-factor-at-a-time grid; bounds are not measured ranges or probability priors. Results are populations and per-encounter yields, not concentrations or biological fluxes. No encounter yield is converted to molarity, and no continuous biological ROS source is modeled.",baseline,0.1,81,1.6600285316311427e-05,4e863b04abf00d77462be6bdf33a6b2ad343ab81,True,5be1e94298b14dbd9a2bead98c4b7ccfcddf8b3283caa5e1610ddb3259caa269,configs/doxorubicin_parameters.json,0b7d200aedee3aed703b810ad54927a2126d9ee0952f6ef87cf5ebb57992d345,configs/parameter_provenance.csv,86c4261fcb9616a643db79340fe0b7398ba10a5c46464e67e8b697bcfc3a4ec9
baseline,quartet,quartet-manifold mixture PQ/4,,-1.008102552748629e-17,1000000.0,8.0,8e-06,1.0,1000000.0,0.1,100000.0,0.1,100000.0,1.0,1000000.0,1.0,1000000.0,0.1,100000.0,6.9773542967485956e-06,4.9873372264010594e-05,5.685072656075919e-05,0.060550514932096206,0.07989473812811253,0.14044525306020872,0.8594978962132195,5.685072656075919e-05,0.999999999999989,1.099120794378905e-14,constant-generator matrix exponential Pade(13),81,dimensionless populations/per-encounter yields,dimensionless per encounter unless field name gives s^-1 or s,True,"Illustrative one-factor-at-a-time grid; bounds are not measured ranges or probability priors. Results are populations and per-encounter yields, not concentrations or biological fluxes. No encounter yield is converted to molarity, and no continuous biological ROS source is modeled.",baseline,0.1,81,5.685072656075919e-05,4e863b04abf00d77462be6bdf33a6b2ad343ab81,True,5be1e94298b14dbd9a2bead98c4b7ccfcddf8b3283caa5e1610ddb3259caa269,configs/doxorubicin_parameters.json,0b7d200aedee3aed703b810ad54927a2126d9ee0952f6ef87cf5ebb57992d345,configs/parameter_provenance.csv,86c4261fcb9616a643db79340fe0b7398ba10a5c46464e67e8b697bcfc3a4ec9
baseline,mixture,manifold mixture pD=0.25,0.25,0.24999999999999994,1000000.0,8.0,8e-06,1.0,1000000.0,0.1,100000.0,0.1,100000.0,1.0,1000000.0,1.0,1000000.0,0.1,100000.0,5.8944099032650085e-06,4.089370634638224e-05,4.678811624964725e-05,0.15375941955708033,0.06294857934268924,0.21670799889976958,0.7832452129839697,4.678811624964725e-05,0.9999999999999889,1.1102230246251565e-14,constant-generator matrix exponential Pade(13),81,dimensionless populations/per-encounter yields,dimensionless per encounter unless field name gives s^-1 or s,True,"Illustrative one-factor-at-a-time grid; bounds are not measured ranges or probability priors. Results are populations and per-encounter yields, not concentrations or biological fluxes. No encounter yield is converted to molarity, and no continuous biological ROS source is modeled.",baseline,0.1,81,4.678811624964725e-05,4e863b04abf00d77462be6bdf33a6b2ad343ab81,True,5be1e94298b14dbd9a2bead98c4b7ccfcddf8b3283caa5e1610ddb3259caa269,configs/doxorubicin_parameters.json,0b7d200aedee3aed703b810ad54927a2126d9ee0952f6ef87cf5ebb57992d345,configs/parameter_provenance.csv,86c4261fcb9616a643db79340fe0b7398ba10a5c46464e67e8b697bcfc3a4ec9
baseline,mixture,manifold mixture pD=0.75,0.75,0.7499999999999999,1000000.0,8.0,8e-06,1.0,1000000.0,0.1,100000.0,0.1,100000.0,1.0,1000000.0,1.0,1000000.0,0.1,100000.0,3.7285211162978336e-06,2.2934374511125536e-05,2.666289562742337e-05,0.340177228807048,0.02905626177184259,0.36923349057889054,0.6307398465254712,2.666289562742337e-05,0.9999999999999892,1.0769163338864018e-14,constant-generator matrix exponential Pade(13),81,dimensionless populations/per-encounter yields,dimensionless per encounter unless field name gives s^-1 or s,True,"Illustrative one-factor-at-a-time grid; bounds are not measured ranges or probability priors. Results are populations and per-encounter yields, not concentrations or biological fluxes. No encounter yield is converted to molarity, and no continuous biological ROS source is modeled.",baseline,0.1,81,2.666289562742337e-05,4e863b04abf00d77462be6bdf33a6b2ad343ab81,True,5be1e94298b14dbd9a2bead98c4b7ccfcddf8b3283caa5e1610ddb3259caa269,configs/doxorubicin_parameters.json,0b7d200aedee3aed703b810ad54927a2126d9ee0952f6ef87cf5ebb57992d345,configs/parameter_provenance.csv,86c4261fcb9616a643db79340fe0b7398ba10a5c46464e67e8b697bcfc3a4ec9
vary_mixing_over_reference:0,unpolarized,unpolarized I6/6,,0.33333333333333337,1000000.0,8.0,8e-06,0.0,0.0,0.1,100000.0,0.1,100000.0,1.0,1000000.0,1.0,1000000.0,0.1,100000.0,4.595572637501801e-06,6.711208706615445e-05,7.170765970365626e-05,0.17472721681160477,0.05913398715609795,0.2338612039677027,0.7660670883725831,7.170765970365626e-05,0.9999999999999895,1.0547118733938987e-14,constant-generator matrix exponential Pade(13),81,dimensionless populations/per-encounter yields,dimensionless per encounter unless field name gives s^-1 or s,True,"Illustrative one-factor-at-a-time grid; bounds are not measured ranges or probability priors. Results are populations and per-encounter yields, not concentrations or biological fluxes. No encounter yield is converted to molarity, and no continuous biological ROS source is modeled.",vary_mixing_over_reference:0,0.1,81,7.170765970365626e-05,4e863b04abf00d77462be6bdf33a6b2ad343ab81,True,5be1e94298b14dbd9a2bead98c4b7ccfcddf8b3283caa5e1610ddb3259caa269,configs/doxorubicin_parameters.json,0b7d200aedee3aed703b810ad54927a2126d9ee0952f6ef87cf5ebb57992d345,configs/parameter_provenance.csv,86c4261fcb9616a643db79340fe0b7398ba10a5c46464e67e8b697bcfc3a4ec9
vary_mixing_over_reference:0,doublet,doublet-manifold mixture PD/2,,0.9999999999999999,1000000.0,8.0,8e-06,0.0,0.0,0.1,100000.0,0.1,100000.0,1.0,1000000.0,1.0,1000000.0,0.1,100000.0,9.153975144719454e-07,1.2871320398033482e-05,1.3786717912505427e-05,0.47042933089308997,0.005375231954172619,0.4758045628472626,0.5241816504348124,1.3786717912505427e-05,0.9999999999999875,1.2545520178264269e-14,constant-generator matrix exponential Pade(13),81,dimensionless populations/per-encounter yields,dimensionless per encounter unless field name gives s^-1 or s,True,"Illustrative one-factor-at-a-time grid; bounds are not measured ranges or probability priors. Results are populations and per-encounter yields, not concentrations or biological fluxes. No encounter yield is converted to molarity, and no continuous biological ROS source is modeled.",vary_mixing_over_reference:0,0.1,81,1.3786717912505427e-05,4e863b04abf00d77462be6bdf33a6b2ad343ab81,True,5be1e94298b14dbd9a2bead98c4b7ccfcddf8b3283caa5e1610ddb3259caa269,configs/doxorubicin_parameters.json,0b7d200aedee3aed703b810ad54927a2126d9ee0952f6ef87cf5ebb57992d345,configs/parameter_provenance.csv,86c4261fcb9616a643db79340fe0b7398ba10a5c46464e67e8b697bcfc3a4ec9
vary_mixing_over_reference:0,quartet,quartet-manifold mixture PQ/4,,-1.008102552748629e-17,1000000.0,8.0,8e-06,0.0,0.0,0.1,100000.0,0.1,100000.0,1.0,1000000.0,1.0,1000000.0,0.1,100000.0,6.435660199016742e-06,9.423247040021505e-05,0.00010066813059923179,0.026876159770863054,0.08601336475706062,0.11288952452792367,0.887009807341468,0.00010066813059923179,0.9999999999999909,9.103828801926284e-15,constant-generator matrix exponential Pade(13),81,dimensionless populations/per-encounter yields,dimensionless per encounter unless field name gives s^-1 or s,True,"Illustrative one-factor-at-a-time grid; bounds are not measured ranges or probability priors. Results are populations and per-encounter yields, not concentrations or biological fluxes. No encounter yield is converted to molarity, and no continuous biological ROS source is modeled.",vary_mixing_over_reference:0,0.1,81,0.00010066813059923179,4e863b04abf00d77462be6bdf33a6b2ad343ab81,True,5be1e94298b14dbd9a2bead98c4b7ccfcddf8b3283caa5e1610ddb3259caa269,configs/doxorubicin_parameters.json,0b7d200aedee3aed703b810ad54927a2126d9ee0952f6ef87cf5ebb57992d345,configs/parameter_provenance.csv,86c4261fcb9616a643db79340fe0b7398ba10a5c46464e67e8b697bcfc3a4ec9
vary_mixing_over_reference:0,mixture,manifold mixture pD=0.25,0.25,0.24999999999999994,1000000.0,8.0,8e-06,0.0,0.0,0.1,100000.0,0.1,100000.0,1.0,1000000.0,1.0,1000000.0,0.1,100000.0,5.0555945278805395e-06,7.389218289966964e-05,7.89477774275502e-05,0.13776445255141886,0.0658538315563388,0.20361828410775767,0.7963027681148039,7.89477774275502e-05,0.9999999999999892,1.0769163338864018e-14,constant-generator matrix exponential Pade(13),81,dimensionless populations/per-encounter yields,dimensionless per encounter unless field name gives s^-1 or s,True,"Illustrative one-factor-at-a-time grid; bounds are not measured ranges or probability priors. Results are populations and per-encounter yields, not concentrations or biological fluxes. No encounter yield is converted to molarity, and no continuous biological ROS source is modeled.",vary_mixing_over_reference:0,0.1,81,7.89477774275502e-05,4e863b04abf00d77462be6bdf33a6b2ad343ab81,True,5be1e94298b14dbd9a2bead98c4b7ccfcddf8b3283caa5e1610ddb3259caa269,configs/doxorubicin_parameters.json,0b7d200aedee3aed703b810ad54927a2126d9ee0952f6ef87cf5ebb57992d345,configs/parameter_provenance.csv,86c4261fcb9616a643db79340fe0b7398ba10a5c46464e67e8b697bcfc3a4ec9
vary_mixing_over_reference:0,mixture,manifold mixture pD=0.75,0.75,0.7499999999999999,1000000.0,8.0,8e-06,0.0,0.0,0.1,100000.0,0.1,100000.0,1.0,1000000.0,1.0,1000000.0,0.1,100000.0,2.2954631856081443e-06,3.321160789857888e-05,3.550707108418702e-05,0.35954103811253213,0.02553476515489462,0.38507580326742674,0.6148886896614775,3.550707108418702e-05,0.9999999999999885,1.1546319456101628e-14,constant-generator matrix exponential Pade(13),81,dimensionless populations/per-encounter yields,dimensionless per encounter unless field name gives s^-1 or s,True,"Illustrative one-factor-at-a-time grid; bounds are not measured ranges or probability priors. Results are populations and per-encounter yields, not concentrations or biological fluxes. No encounter yield is converted to molarity, and no continuous biological ROS source is modeled.",vary_mixing_over_reference:0,0.1,81,3.550707108418702e-05,4e863b04abf00d77462be6bdf33a6b2ad343ab81,True,5be1e94298b14dbd9a2bead98c4b7ccfcddf8b3283caa5e1610ddb3259caa269,configs/doxorubicin_parameters.json,0b7d200aedee3aed703b810ad54927a2126d9ee0952f6ef87cf5ebb57992d345,configs/parameter_provenance.csv,86c4261fcb9616a643db79340fe0b7398ba10a5c46464e67e8b697bcfc3a4ec9
vary_mixing_over_reference:0.1,unpolarized,unpolarized I6/6,,0.33333333333333337,1000000.0,8.0,8e-06,0.1,100000.0,0.1,100000.0,0.1,100000.0,1.0,1000000.0,1.0,1000000.0,0.1,100000.0,4.7454277921374204e-06,6.610712173408086e-05,7.085254952621829e-05,0.17486288712317288,0.05910939756401093,0.2339722846871838,0.7659568627632805,7.085254952621829e-05,0.9999999999999905,9.547918011776346e-15,constant-generator matrix exponential Pade(13),81,dimensionless populations/per-encounter yields,dimensionless per encounter unless field name gives s^-1 or s,True,"Illustrative one-factor-at-a-time grid; bounds are not measured ranges or probability priors. Results are populations and per-encounter yields, not concentrations or biological fluxes. No encounter yield is converted to molarity, and no continuous biological ROS source is modeled.",vary_mixing_over_reference:0.1,0.1,81,7.085254952621829e-05,4e863b04abf00d77462be6bdf33a6b2ad343ab81,True,5be1e94298b14dbd9a2bead98c4b7ccfcddf8b3283caa5e1610ddb3259caa269,configs/doxorubicin_parameters.json,0b7d200aedee3aed703b810ad54927a2126d9ee0952f6ef87cf5ebb57992d345,configs/parameter_provenance.csv,86c4261fcb9616a643db79340fe0b7398ba10a5c46464e67e8b697bcfc3a4ec9
vary_mixing_over_reference:0.1,doublet,doublet-manifold mixture PD/2,,0.9999999999999999,1000000.0,8.0,8e-06,0.1,100000.0,0.1,100000.0,0.1,100000.0,1.0,1000000.0,1.0,1000000.0,0.1,100000.0,9.675434606681287e-07,1.3268739915744115e-05,1.4236283376412246e-05,0.4699313735668273,0.005465728780269228,0.47539710234709653,0.5245886613695152,1.4236283376412246e-05,0.9999999999999881,1.1879386363489175e-14,constant-generator matrix exponential Pade(13),81,dimensionless populations/per-encounter yields,dimensionless per encounter unless field name gives s^-1 or s,True,"Illustrative one-factor-at-a-time grid; bounds are not measured ranges or probability priors. Results are populations and per-encounter yields, not concentrations or biological fluxes. No encounter yield is converted to molarity, and no continuous biological ROS source is modeled.",vary_mixing_over_reference:0.1,0.1,81,1.4236283376412246e-05,4e863b04abf00d77462be6bdf33a6b2ad343ab81,True,5be1e94298b14dbd9a2bead98c4b7ccfcddf8b3283caa5e1610ddb3259caa269,configs/doxorubicin_parameters.json,0b7d200aedee3aed703b810ad54927a2126d9ee0952f6ef87cf5ebb57992d345,configs/parameter_provenance.csv,86c4261fcb9616a643db79340fe0b7398ba10a5c46464e67e8b697bcfc3a4ec9
vary_mixing_over_reference:0.1,quartet,quartet-manifold mixture PQ/4,,-1.008102552748629e-17,1000000.0,8.0,8e-06,0.1,100000.0,0.1,100000.0,0.1,100000.0,1.0,1000000.0,1.0,1000000.0,0.1,100000.0,6.634369957872064e-06,9.252631264324926e-05,9.916068260112132e-05,0.02732864390134613,0.08593123195588179,0.11325987585722791,0.8866409634601622,9.916068260112132e-05,0.9999999999999911,8.881784197001252e-15,constant-generator matrix exponential Pade(13),81,dimensionless populations/per-encounter yields,dimensionless per encounter unless field name gives s^-1 or s,True,"Illustrative one-factor-at-a-time grid; bounds are not measured ranges or probability priors. Results are populations and per-encounter yields, not concentrations or biological fluxes. No encounter yield is converted to molarity, and no continuous biological ROS source is modeled.",vary_mixing_over_reference:0.1,0.1,81,9.916068260112132e-05,4e863b04abf00d77462be6bdf33a6b2ad343ab81,True,5be1e94298b14dbd9a2bead98c4b7ccfcddf8b3283caa5e1610ddb3259caa269,configs/doxorubicin_parameters.json,0b7d200aedee3aed703b810ad54927a2126d9ee0952f6ef87cf5ebb57992d345,configs/parameter_provenance.csv,86c4261fcb9616a643db79340fe0b7398ba10a5c46464e67e8b697bcfc3a4ec9
vary_mixing_over_reference:0.1,mixture,manifold mixture pD=0.25,0.25,0.24999999999999994,1000000.0,8.0,8e-06,0.1,100000.0,0.1,100000.0,0.1,100000.0,1.0,1000000.0,1.0,1000000.0,0.1,100000.0,5.217663333571083e-06,7.271191946137302e-05,7.79295827949441e-05,0.1379793263177165,0.06581485616197866,0.20379418247969516,0.7961278879375023,7.79295827949441e-05,0.9999999999999925,7.549516567451064e-15,constant-generator matrix exponential Pade(13),81,dimensionless populations/per-encounter yields,dimensionless per encounter unless field name gives s^-1 or s,True,"Illustrative one-factor-at-a-time grid; bounds are not measured ranges or probability priors. Results are populations and per-encounter yields, not concentrations or biological fluxes. No encounter yield is converted to molarity, and no continuous biological ROS source is modeled.",vary_mixing_over_reference:0.1,0.1,81,7.79295827949441e-05,4e863b04abf00d77462be6bdf33a6b2ad343ab81,True,5be1e94298b14dbd9a2bead98c4b7ccfcddf8b3283caa5e1610ddb3259caa269,configs/doxorubicin_parameters.json,0b7d200aedee3aed703b810ad54927a2126d9ee0952f6ef87cf5ebb57992d345,configs/parameter_provenance.csv,86c4261fcb9616a643db79340fe0b7398ba10a5c46464e67e8b697bcfc3a4ec9
vary_mixing_over_reference:0.1,mixture,manifold mixture pD=0.75,0.75,0.7499999999999999,1000000.0,8.0,8e-06,0.1,100000.0,0.1,100000.0,0.1,100000.0,1.0,1000000.0,1.0,1000000.0,0.1,100000.0,2.3842500849691132e-06,3.308313309762042e-05,3.546738318258953e-05,0.3592806911504571,0.025582104574172405,0.3848627957246295,0.6151017368921767,3.546738318258953e-05,0.9999999999999889,1.1102230246251565e-14,constant-generator matrix exponential Pade(13),81,dimensionless populations/per-encounter yields,dimensionless per encounter unless field name gives s^-1 or s,True,"Illustrative one-factor-at-a-time grid; bounds are not measured ranges or probability priors. Results are populations and per-encounter yields, not concentrations or biological fluxes. No encounter yield is converted to molarity, and no continuous biological ROS source is modeled.",vary_mixing_over_reference:0.1,0.1,81,3.546738318258953e-05,4e863b04abf00d77462be6bdf33a6b2ad343ab81,True,5be1e94298b14dbd9a2bead98c4b7ccfcddf8b3283caa5e1610ddb3259caa269,configs/doxorubicin_parameters.json,0b7d200aedee3aed703b810ad54927a2126d9ee0952f6ef87cf5ebb57992d345,configs/parameter_provenance.csv,86c4261fcb9616a643db79340fe0b7398ba10a5c46464e67e8b697bcfc3a4ec9
vary_mixing_over_reference:10,unpolarized,unpolarized I6/6,,0.33333333333333337,1000000.0,8.0,8e-06,10.0,10000000.0,0.1,100000.0,0.1,100000.0,1.0,1000000.0,1.0,1000000.0,0.1,100000.0,5.126710831234134e-06,3.234161614370937e-05,3.746832697494351e-05,0.21269926058838387,0.052233091863295424,0.2649323524516793,0.7350301792213342,3.746832697494351e-05,0.9999999999999883,1.1657341758564144e-14,constant-generator matrix exponential Pade(13),81,dimensionless populations/per-encounter yields,dimensionless per encounter unless field name gives s^-1 or s,True,"Illustrative one-factor-at-a-time grid; bounds are not measured ranges or probability priors. Results are populations and per-encounter yields, not concentrations or biological fluxes. No encounter yield is converted to molarity, and no continuous biological ROS source is modeled.",vary_mixing_over_reference:10,0.1,81,3.746832697494351e-05,4e863b04abf00d77462be6bdf33a6b2ad343ab81,True,5be1e94298b14dbd9a2bead98c4b7ccfcddf8b3283caa5e1610ddb3259caa269,configs/doxorubicin_parameters.json,0b7d200aedee3aed703b810ad54927a2126d9ee0952f6ef87cf5ebb57992d345,configs/parameter_provenance.csv,86c4261fcb9616a643db79340fe0b7398ba10a5c46464e67e8b697bcfc3a4ec9
vary_mixing_over_reference:10,doublet,doublet-manifold mixture PD/2,,0.9999999999999999,1000000.0,8.0,8e-06,10.0,10000000.0,0.1,100000.0,0.1,100000.0,1.0,1000000.0,1.0,1000000.0,0.1,100000.0,2.522863395366236e-06,1.2857269098336187e-05,1.538013249370242e-05,0.33119673325092486,0.030690104851422567,0.36188683810234745,0.6380977817651481,1.538013249370242e-05,0.9999999999999892,1.0769163338864018e-14,constant-generator matrix exponential Pade(13),81,dimensionless populations/per-encounter yields,dimensionless per encounter unless field name gives s^-1 or s,True,"Illustrative one-factor-at-a-time grid; bounds are not measured ranges or probability priors. Results are populations and per-encounter yields, not concentrations or biological fluxes. No encounter yield is converted to molarity, and no continuous biological ROS source is modeled.",vary_mixing_over_reference:10,0.1,81,1.538013249370242e-05,4e863b04abf00d77462be6bdf33a6b2ad343ab81,True,5be1e94298b14dbd9a2bead98c4b7ccfcddf8b3283caa5e1610ddb3259caa269,configs/doxorubicin_parameters.json,0b7d200aedee3aed703b810ad54927a2126d9ee0952f6ef87cf5ebb57992d345,configs/parameter_provenance.csv,86c4261fcb9616a643db79340fe0b7398ba10a5c46464e67e8b697bcfc3a4ec9
vary_mixing_over_reference:10,quartet,quartet-manifold mixture PQ/4,,-1.008102552748629e-17,1000000.0,8.0,8e-06,10.0,10000000.0,0.1,100000.0,0.1,100000.0,1.0,1000000.0,1.0,1000000.0,0.1,100000.0,6.428634549168083e-06,4.2083789666395956e-05,4.851242421556404e-05,0.15345052425711303,0.06300458536923183,0.21645510962634484,0.7834963779494295,4.851242421556404e-05,0.9999999999999899,1.0103029524088925e-14,constant-generator matrix exponential Pade(13),81,dimensionless populations/per-encounter yields,dimensionless per encounter unless field name gives s^-1 or s,True,"Illustrative one-factor-at-a-time grid; bounds are not measured ranges or probability priors. Results are populations and per-encounter yields, not concentrations or biological fluxes. No encounter yield is converted to molarity, and no continuous biological ROS source is modeled.",vary_mixing_over_reference:10,0.1,81,4.851242421556404e-05,4e863b04abf00d77462be6bdf33a6b2ad343ab81,True,5be1e94298b14dbd9a2bead98c4b7ccfcddf8b3283caa5e1610ddb3259caa269,configs/doxorubicin_parameters.json,0b7d200aedee3aed703b810ad54927a2126d9ee0952f6ef87cf5ebb57992d345,configs/parameter_provenance.csv,86c4261fcb9616a643db79340fe0b7398ba10a5c46464e67e8b697bcfc3a4ec9
vary_mixing_over_reference:10,mixture,manifold mixture pD=0.25,0.25,0.24999999999999994,1000000.0,8.0,8e-06,10.0,10000000.0,0.1,100000.0,0.1,100000.0,1.0,1000000.0,1.0,1000000.0,0.1,100000.0,5.452191760717627e-06,3.477715952438102e-05,4.0229351285098636e-05,0.19788707650556597,0.05492596523977955,0.2528130417453455,0.7471467289033604,4.0229351285098636e-05,0.9999999999999911,8.881784197001252e-15,constant-generator matrix exponential Pade(13),81,dimensionless populations/per-encounter yields,dimensionless per encounter unless field name gives s^-1 or s,True,"Illustrative one-factor-at-a-time grid; bounds are not measured ranges or probability priors. Results are populations and per-encounter yields, not concentrations or biological fluxes. No encounter yield is converted to molarity, and no continuous biological ROS source is modeled.",vary_mixing_over_reference:10,0.1,81,4.0229351285098636e-05,4e863b04abf00d77462be6bdf33a6b2ad343ab81,True,5be1e94298b14dbd9a2bead98c4b7ccfcddf8b3283caa5e1610ddb3259caa269,configs/doxorubicin_parameters.json,0b7d200aedee3aed703b810ad54927a2126d9ee0952f6ef87cf5ebb57992d345,configs/parameter_provenance.csv,86c4261fcb9616a643db79340fe0b7398ba10a5c46464e67e8b697bcfc3a4ec9
vary_mixing_over_reference:10,mixture,manifold mixture pD=0.75,0.75,0.7499999999999999,1000000.0,8.0,8e-06,10.0,10000000.0,0.1,100000.0,0.1,100000.0,1.0,1000000.0,1.0,1000000.0,0.1,100000.0,3.4993061838167013e-06,2.0163899240351124e-05,2.3663205424167826e-05,0.28676018100247225,0.038768724980874796,0.32552890598334705,0.674447430811218,2.3663205424167826e-05,0.9999999999999892,1.0769163338864018e-14,constant-generator matrix exponential Pade(13),81,dimensionless populations/per-encounter yields,dimensionless per encounter unless field name gives s^-1 or s,True,"Illustrative one-factor-at-a-time grid; bounds are not measured ranges or probability priors. Results are populations and per-encounter yields, not concentrations or biological fluxes. No encounter yield is converted to molarity, and no continuous biological ROS source is modeled.",vary_mixing_over_reference:10,0.1,81,2.3663205424167826e-05,4e863b04abf00d77462be6bdf33a6b2ad343ab81,True,5be1e94298b14dbd9a2bead98c4b7ccfcddf8b3283caa5e1610ddb3259caa269,configs/doxorubicin_parameters.json,0b7d200aedee3aed703b810ad54927a2126d9ee0952f6ef87cf5ebb57992d345,configs/parameter_provenance.csv,86c4261fcb9616a643db79340fe0b7398ba10a5c46464e67e8b697bcfc3a4ec9
vary_relaxation_over_reference:0,unpolarized,unpolarized I6/6,,0.33333333333333337,1000000.0,8.0,8e-06,1.0,1000000.0,0.0,0.0,0.0,0.0,1.0,1000000.0,1.0,1000000.0,0.1,100000.0,1.6347398328111554e-06,5.494201397720923e-05,5.6576753810020394e-05,0.18014571083938866,0.058150181960673175,0.23829589280006183,0.7616475304461174,5.6576753810020394e-05,0.9999999999999892,1.0769163338864018e-14,constant-generator matrix exponential Pade(13),81,dimensionless populations/per-encounter yields,dimensionless per encounter unless field name gives s^-1 or s,True,"Illustrative one-factor-at-a-time grid; bounds are not measured ranges or probability priors. Results are populations and per-encounter yields, not concentrations or biological fluxes. No encounter yield is converted to molarity, and no continuous biological ROS source is modeled.",vary_relaxation_over_reference:0,0.0,81,5.6576753810020394e-05,4e863b04abf00d77462be6bdf33a6b2ad343ab81,True,5be1e94298b14dbd9a2bead98c4b7ccfcddf8b3283caa5e1610ddb3259caa269,configs/doxorubicin_parameters.json,0b7d200aedee3aed703b810ad54927a2126d9ee0952f6ef87cf5ebb57992d345,configs/parameter_provenance.csv,86c4261fcb9616a643db79340fe0b7398ba10a5c46464e67e8b697bcfc3a4ec9
vary_relaxation_over_reference:0,doublet,doublet-manifold mixture PD/2,,0.9999999999999999,1000000.0,8.0,8e-06,1.0,1000000.0,0.0,0.0,0.0,0.0,1.0,1000000.0,1.0,1000000.0,0.1,100000.0,1.7840057223016392e-06,3.1202137761318434e-06,4.904219498433483e-06,0.4505713889005671,0.008986574361759845,0.45955796326232695,0.5404371325181623,4.904219498433483e-06,0.9999999999999877,1.2323475573339238e-14,constant-generator matrix exponential Pade(13),81,dimensionless populations/per-encounter yields,dimensionless per encounter unless field name gives s^-1 or s,True,"Illustrative one-factor-at-a-time grid; bounds are not measured ranges or probability priors. Results are populations and per-encounter yields, not concentrations or biological fluxes. No encounter yield is converted to molarity, and no continuous biological ROS source is modeled.",vary_relaxation_over_reference:0,0.0,81,4.904219498433483e-06,4e863b04abf00d77462be6bdf33a6b2ad343ab81,True,5be1e94298b14dbd9a2bead98c4b7ccfcddf8b3283caa5e1610ddb3259caa269,configs/doxorubicin_parameters.json,0b7d200aedee3aed703b810ad54927a2126d9ee0952f6ef87cf5ebb57992d345,configs/parameter_provenance.csv,86c4261fcb9616a643db79340fe0b7398ba10a5c46464e67e8b697bcfc3a4ec9
vary_relaxation_over_reference:0,quartet,quartet-manifold mixture PQ/4,,-1.008102552748629e-17,1000000.0,8.0,8e-06,1.0,1000000.0,0.0,0.0,0.0,0.0,1.0,1000000.0,1.0,1000000.0,0.1,100000.0,1.5601068880659145e-06,8.085291407774792e-05,8.241302096581384e-05,0.044932871808799214,0.08273198576012981,0.12766485756892904,0.8722527294100955,8.241302096581384e-05,0.9999999999999902,9.769962616701378e-15,constant-generator matrix exponential Pade(13),81,dimensionless populations/per-encounter yields,dimensionless per encounter unless field name gives s^-1 or s,True,"Illustrative one-factor-at-a-time grid; bounds are not measured ranges or probability priors. Results are populations and per-encounter yields, not concentrations or biological fluxes. No encounter yield is converted to molarity, and no continuous biological ROS source is modeled.",vary_relaxation_over_reference:0,0.0,81,8.241302096581384e-05,4e863b04abf00d77462be6bdf33a6b2ad343ab81,True,5be1e94298b14dbd9a2bead98c4b7ccfcddf8b3283caa5e1610ddb3259caa269,configs/doxorubicin_parameters.json,0b7d200aedee3aed703b810ad54927a2126d9ee0952f6ef87cf5ebb57992d345,configs/parameter_provenance.csv,86c4261fcb9616a643db79340fe0b7398ba10a5c46464e67e8b697bcfc3a4ec9
vary_relaxation_over_reference:0,mixture,manifold mixture pD=0.25,0.25,0.24999999999999994,1000000.0,8.0,8e-06,1.0,1000000.0,0.0,0.0,0.0,0.0,1.0,1000000.0,1.0,1000000.0,0.1,100000.0,1.6160815966248454e-06,6.141973900234393e-05,6.303582059896878e-05,0.1463425010817417,0.06429563291053718,0.21063813399227888,0.7892988301871121,6.303582059896878e-05,0.9999999999999899,1.0103029524088925e-14,constant-generator matrix exponential Pade(13),81,dimensionless populations/per-encounter yields,dimensionless per encounter unless field name gives s^-1 or s,True,"Illustrative one-factor-at-a-time grid; bounds are not measured ranges or probability priors. Results are populations and per-encounter yields, not concentrations or biological fluxes. No encounter yield is converted to molarity, and no continuous biological ROS source is modeled.",vary_relaxation_over_reference:0,0.0,81,6.303582059896878e-05,4e863b04abf00d77462be6bdf33a6b2ad343ab81,True,5be1e94298b14dbd9a2bead98c4b7ccfcddf8b3283caa5e1610ddb3259caa269,configs/doxorubicin_parameters.json,0b7d200aedee3aed703b810ad54927a2126d9ee0952f6ef87cf5ebb57992d345,configs/parameter_provenance.csv,86c4261fcb9616a643db79340fe0b7398ba10a5c46464e67e8b697bcfc3a4ec9
vary_relaxation_over_reference:0,mixture,manifold mixture pD=0.75,0.75,0.7499999999999999,1000000.0,8.0,8e-06,1.0,1000000.0,0.0,0.0,0.0,0.0,1.0,1000000.0,1.0,1000000.0,0.1,100000.0,1.7280310137427092e-06,2.255338885153587e-05,2.428141986527858e-05,0.34916175962762525,0.027422927211352293,0.37658468683897756,0.6233910317411446,2.428141986527858e-05,0.9999999999999875,1.2545520178264269e-14,constant-generator matrix exponential Pade(13),81,dimensionless populations/per-encounter yields,dimensionless per encounter unless field name gives s^-1 or s,True,"Illustrative one-factor-at-a-time grid; bounds are not measured ranges or probability priors. Results are populations and per-encounter yields, not concentrations or biological fluxes. No encounter yield is converted to molarity, and no continuous biological ROS source is modeled.",vary_relaxation_over_reference:0,0.0,81,2.428141986527858e-05,4e863b04abf00d77462be6bdf33a6b2ad343ab81,True,5be1e94298b14dbd9a2bead98c4b7ccfcddf8b3283caa5e1610ddb3259caa269,configs/doxorubicin_parameters.json,0b7d200aedee3aed703b810ad54927a2126d9ee0952f6ef87cf5ebb57992d345,configs/parameter_provenance.csv,86c4261fcb9616a643db79340fe0b7398ba10a5c46464e67e8b697bcfc3a4ec9
vary_relaxation_over_reference:1,unpolarized,unpolarized I6/6,,0.33333333333333337,1000000.0,8.0,8e-06,1.0,1000000.0,1.0,1000000.0,1.0,1000000.0,1.0,1000000.0,1.0,1000000.0,0.1,100000.0,5.936827481999396e-06,1.709517493317891e-05,2.3032002415178306e-05,0.20819016457595493,0.053054239895060605,0.26124440447101555,0.7387325635265589,2.3032002415178306e-05,0.9999999999999897,1.0325074129013956e-14,constant-generator matrix exponential Pade(13),81,dimensionless populations/per-encounter yields,dimensionless per encounter unless field name gives s^-1 or s,True,"Illustrative one-factor-at-a-time grid; bounds are not measured ranges or probability priors. Results are populations and per-encounter yields, not concentrations or biological fluxes. No encounter yield is converted to molarity, and no continuous biological ROS source is modeled.",vary_relaxation_over_reference:1,1.0,81,2.3032002415178306e-05,4e863b04abf00d77462be6bdf33a6b2ad343ab81,True,5be1e94298b14dbd9a2bead98c4b7ccfcddf8b3283caa5e1610ddb3259caa269,configs/doxorubicin_parameters.json,0b7d200aedee3aed703b810ad54927a2126d9ee0952f6ef87cf5ebb57992d345,configs/parameter_provenance.csv,86c4261fcb9616a643db79340fe0b7398ba10a5c46464e67e8b697bcfc3a4ec9
vary_relaxation_over_reference:1,doublet,doublet-manifold mixture PD/2,,0.9999999999999999,1000000.0,8.0,8e-06,1.0,1000000.0,1.0,1000000.0,1.0,1000000.0,1.0,1000000.0,1.0,1000000.0,0.1,100000.0,4.590906488255109e-06,1.321957595774308e-05,1.781048244599819e-05,0.3477273849076619,0.02768431088202043,0.37541169578968236,0.6245704937278606,1.781048244599819e-05,0.9999999999999889,1.1102230246251565e-14,constant-generator matrix exponential Pade(13),81,dimensionless populations/per-encounter yields,dimensionless per encounter unless field name gives s^-1 or s,True,"Illustrative one-factor-at-a-time grid; bounds are not measured ranges or probability priors. Results are populations and per-encounter yields, not concentrations or biological fluxes. No encounter yield is converted to molarity, and no continuous biological ROS source is modeled.",vary_relaxation_over_reference:1,1.0,81,1.781048244599819e-05,4e863b04abf00d77462be6bdf33a6b2ad343ab81,True,5be1e94298b14dbd9a2bead98c4b7ccfcddf8b3283caa5e1610ddb3259caa269,configs/doxorubicin_parameters.json,0b7d200aedee3aed703b810ad54927a2126d9ee0952f6ef87cf5ebb57992d345,configs/parameter_provenance.csv,86c4261fcb9616a643db79340fe0b7398ba10a5c46464e67e8b697bcfc3a4ec9
vary_relaxation_over_reference:1,quartet,quartet-manifold mixture PQ/4,,-1.008102552748629e-17,1000000.0,8.0,8e-06,1.0,1000000.0,1.0,1000000.0,1.0,1000000.0,1.0,1000000.0,1.0,1000000.0,0.1,100000.0,6.609787978871541e-06,1.9032974420896832e-05,2.5642762399768374e-05,0.13842155441010232,0.06573920440158085,0.20416075881168316,0.795813598425908,2.5642762399768374e-05,0.999999999999991,8.992806499463768e-15,constant-generator matrix exponential Pade(13),81,dimensionless populations/per-encounter yields,dimensionless per encounter unless field name gives s^-1 or s,True,"Illustrative one-factor-at-a-time grid; bounds are not measured ranges or probability priors. Results are populations and per-encounter yields, not concentrations or biological fluxes. No encounter yield is converted to molarity, and no continuous biological ROS source is modeled.",vary_relaxation_over_reference:1,1.0,81,2.5642762399768374e-05,4e863b04abf00d77462be6bdf33a6b2ad343ab81,True,5be1e94298b14dbd9a2bead98c4b7ccfcddf8b3283caa5e1610ddb3259caa269,configs/doxorubicin_parameters.json,0b7d200aedee3aed703b810ad54927a2126d9ee0952f6ef87cf5ebb57992d345,configs/parameter_provenance.csv,86c4261fcb9616a643db79340fe0b7398ba10a5c46464e67e8b697bcfc3a4ec9
vary_relaxation_over_reference:1,mixture,manifold mixture pD=0.25,0.25,0.24999999999999994,1000000.0,8.0,8e-06,1.0,1000000.0,1.0,1000000.0,1.0,1000000.0,1.0,1000000.0,1.0,1000000.0,0.1,100000.0,6.1050676062174315e-06,1.7579624805108387e-05,2.3684692411325818e-05,0.19074801203449188,0.05622548102169068,0.24697349305618255,0.7530028222513956,2.3684692411325818e-05,0.9999999999999895,1.0547118733938987e-14,constant-generator matrix exponential Pade(13),81,dimensionless populations/per-encounter yields,dimensionless per encounter unless field name gives s^-1 or s,True,"Illustrative one-factor-at-a-time grid; bounds are not measured ranges or probability priors. Results are populations and per-encounter yields, not concentrations or biological fluxes. No encounter yield is converted to molarity, and no continuous biological ROS source is modeled.",vary_relaxation_over_reference:1,1.0,81,2.3684692411325818e-05,4e863b04abf00d77462be6bdf33a6b2ad343ab81,True,5be1e94298b14dbd9a2bead98c4b7ccfcddf8b3283caa5e1610ddb3259caa269,configs/doxorubicin_parameters.json,0b7d200aedee3aed703b810ad54927a2126d9ee0952f6ef87cf5ebb57992d345,configs/parameter_provenance.csv,86c4261fcb9616a643db79340fe0b7398ba10a5c46464e67e8b697bcfc3a4ec9
vary_relaxation_over_reference:1,mixture,manifold mixture pD=0.75,0.75,0.7499999999999999,1000000.0,8.0,8e-06,1.0,1000000.0,1.0,1000000.0,1.0,1000000.0,1.0,1000000.0,1.0,1000000.0,0.1,100000.0,5.095626860909218e-06,1.467292557353152e-05,1.9768552434440737e-05,0.2954009272832708,0.037198034261910505,0.33259896154518126,0.6673812699023739,1.9768552434440737e-05,0.9999999999999897,1.0325074129013956e-14,constant-generator matrix exponential Pade(13),81,dimensionless populations/per-encounter yields,dimensionless per encounter unless field name gives s^-1 or s,True,"Illustrative one-factor-at-a-time grid; bounds are not measured ranges or probability priors. Results are populations and per-encounter yields, not concentrations or biological fluxes. No encounter yield is converted to molarity, and no continuous biological ROS source is modeled.",vary_relaxation_over_reference:1,1.0,81,1.9768552434440737e-05,4e863b04abf00d77462be6bdf33a6b2ad343ab81,True,5be1e94298b14dbd9a2bead98c4b7ccfcddf8b3283caa5e1610ddb3259caa269,configs/doxorubicin_parameters.json,0b7d200aedee3aed703b810ad54927a2126d9ee0952f6ef87cf5ebb57992d345,configs/parameter_provenance.csv,86c4261fcb9616a643db79340fe0b7398ba10a5c46464e67e8b697bcfc3a4ec9
vary_relaxation_over_reference:100,unpolarized,unpolarized I6/6,,0.33333333333333337,1000000.0,8.0,8e-06,1.0,1000000.0,100.0,100000000.0,100.0,100000000.0,1.0,1000000.0,1.0,1000000.0,0.1,100000.0,4.577179179026607e-06,9.195613981661924e-06,1.3772793160688532e-05,0.2375351264733009,0.04771963402365003,0.2852547604969509,0.7147314667098025,1.3772793160688532e-05,0.9999999999999142,8.58202398035246e-14,constant-generator matrix exponential Pade(13),81,dimensionless populations/per-encounter yields,dimensionless per encounter unless field name gives s^-1 or s,True,"Illustrative one-factor-at-a-time grid; bounds are not measured ranges or probability priors. Results are populations and per-encounter yields, not concentrations or biological fluxes. No encounter yield is converted to molarity, and no continuous biological ROS source is modeled.",vary_relaxation_over_reference:100,100.0,81,1.3772793160688532e-05,4e863b04abf00d77462be6bdf33a6b2ad343ab81,True,5be1e94298b14dbd9a2bead98c4b7ccfcddf8b3283caa5e1610ddb3259caa269,configs/doxorubicin_parameters.json,0b7d200aedee3aed703b810ad54927a2126d9ee0952f6ef87cf5ebb57992d345,configs/parameter_provenance.csv,86c4261fcb9616a643db79340fe0b7398ba10a5c46464e67e8b697bcfc3a4ec9
vary_relaxation_over_reference:100,doublet,doublet-manifold mixture PD/2,,0.9999999999999999,1000000.0,8.0,8e-06,1.0,1000000.0,100.0,100000000.0,100.0,100000000.0,1.0,1000000.0,1.0,1000000.0,0.1,100000.0,4.563468497453422e-06,9.168069039626402e-06,1.3731537537079826e-05,0.24013372344498213,0.047247165597492126,0.2873808890424743,0.7126053794199038,1.3731537537079826e-05,0.9999999999999151,8.493206138382448e-14,constant-generator matrix exponential Pade(13),81,dimensionless populations/per-encounter yields,dimensionless per encounter unless field name gives s^-1 or s,True,"Illustrative one-factor-at-a-time grid; bounds are not measured ranges or probability priors. Results are populations and per-encounter yields, not concentrations or biological fluxes. No encounter yield is converted to molarity, and no continuous biological ROS source is modeled.",vary_relaxation_over_reference:100,100.0,81,1.3731537537079826e-05,4e863b04abf00d77462be6bdf33a6b2ad343ab81,True,5be1e94298b14dbd9a2bead98c4b7ccfcddf8b3283caa5e1610ddb3259caa269,configs/doxorubicin_parameters.json,0b7d200aedee3aed703b810ad54927a2126d9ee0952f6ef87cf5ebb57992d345,configs/parameter_provenance.csv,86c4261fcb9616a643db79340fe0b7398ba10a5c46464e67e8b697bcfc3a4ec9
vary_relaxation_over_reference:100,quartet,quartet-manifold mixture PQ/4,,-1.008102552748629e-17,1000000.0,8.0,8e-06,1.0,1000000.0,100.0,100000000.0,100.0,100000000.0,1.0,1000000.0,1.0,1000000.0,0.1,100000.0,4.584034519813201e-06,9.209386452679688e-06,1.379342097249289e-05,0.23623582798746054,0.047955868236728975,0.2841916962241895,0.7157945103547532,1.379342097249289e-05,0.9999999999999152,8.482103908136196e-14,constant-generator matrix exponential Pade(13),81,dimensionless populations/per-encounter yields,dimensionless per encounter unless field name gives s^-1 or s,True,"Illustrative one-factor-at-a-time grid; bounds are not measured ranges or probability priors. Results are populations and per-encounter yields, not concentrations or biological fluxes. No encounter yield is converted to molarity, and no continuous biological ROS source is modeled.",vary_relaxation_over_reference:100,100.0,81,1.379342097249289e-05,4e863b04abf00d77462be6bdf33a6b2ad343ab81,True,5be1e94298b14dbd9a2bead98c4b7ccfcddf8b3283caa5e1610ddb3259caa269,configs/doxorubicin_parameters.json,0b7d200aedee3aed703b810ad54927a2126d9ee0952f6ef87cf5ebb57992d345,configs/parameter_provenance.csv,86c4261fcb9616a643db79340fe0b7398ba10a5c46464e67e8b697bcfc3a4ec9
vary_relaxation_over_reference:100,mixture,manifold mixture pD=0.25,0.25,0.24999999999999994,1000000.0,8.0,8e-06,1.0,1000000.0,100.0,100000000.0,100.0,100000000.0,1.0,1000000.0,1.0,1000000.0,0.1,100000.0,4.578893014223261e-06,9.199057099416376e-06,1.3777950113639637e-05,0.23721030185184105,0.047778692576919767,0.2849889944287608,0.7149972276210411,1.3777950113639637e-05,0.9999999999999155,8.448797217397441e-14,constant-generator matrix exponential Pade(13),81,dimensionless populations/per-encounter yields,dimensionless per encounter unless field name gives s^-1 or s,True,"Illustrative one-factor-at-a-time grid; bounds are not measured ranges or probability priors. Results are populations and per-encounter yields, not concentrations or biological fluxes. No encounter yield is converted to molarity, and no continuous biological ROS source is modeled.",vary_relaxation_over_reference:100,100.0,81,1.3777950113639637e-05,4e863b04abf00d77462be6bdf33a6b2ad343ab81,True,5be1e94298b14dbd9a2bead98c4b7ccfcddf8b3283caa5e1610ddb3259caa269,configs/doxorubicin_parameters.json,0b7d200aedee3aed703b810ad54927a2126d9ee0952f6ef87cf5ebb57992d345,configs/parameter_provenance.csv,86c4261fcb9616a643db79340fe0b7398ba10a5c46464e67e8b697bcfc3a4ec9
vary_relaxation_over_reference:100,mixture,manifold mixture pD=0.75,0.75,0.7499999999999999,1000000.0,8.0,8e-06,1.0,1000000.0,100.0,100000000.0,100.0,100000000.0,1.0,1000000.0,1.0,1000000.0,0.1,100000.0,4.568610003043366e-06,9.178398392889722e-06,1.3747008395933089e-05,0.23915924958060147,0.047424341257301376,0.28658359083790286,0.7134026621536163,1.3747008395933089e-05,0.9999999999999151,8.493206138382448e-14,constant-generator matrix exponential Pade(13),81,dimensionless populations/per-encounter yields,dimensionless per encounter unless field name gives s^-1 or s,True,"Illustrative one-factor-at-a-time grid; bounds are not measured ranges or probability priors. Results are populations and per-encounter yields, not concentrations or biological fluxes. No encounter yield is converted to molarity, and no continuous biological ROS source is modeled.",vary_relaxation_over_reference:100,100.0,81,1.3747008395933089e-05,4e863b04abf00d77462be6bdf33a6b2ad343ab81,True,5be1e94298b14dbd9a2bead98c4b7ccfcddf8b3283caa5e1610ddb3259caa269,configs/doxorubicin_parameters.json,0b7d200aedee3aed703b810ad54927a2126d9ee0952f6ef87cf5ebb57992d345,configs/parameter_provenance.csv,86c4261fcb9616a643db79340fe0b7398ba10a5c46464e67e8b697bcfc3a4ec9
vary_escape_over_reference:0.1,unpolarized,unpolarized I6/6,,0.33333333333333337,1000000.0,8.0,8e-06,1.0,1000000.0,0.1,100000.0,0.1,100000.0,0.1,100000.0,1.0,1000000.0,0.1,100000.0,0.0074116442834642245,0.050765074755770925,0.058176719039235145,0.4950362473045271,0.19864170446288992,0.693677951767417,0.24814532919334262,0.058176719039235145,0.9999999999999948,5.218048215738236e-15,constant-generator matrix exponential Pade(13),81,dimensionless populations/per-encounter yields,dimensionless per encounter unless field name gives s^-1 or s,True,"Illustrative one-factor-at-a-time grid; bounds are not measured ranges or probability priors. Results are populations and per-encounter yields, not concentrations or biological fluxes. No encounter yield is converted to molarity, and no continuous biological ROS source is modeled.",vary_escape_over_reference:0.1,0.1,81,0.058176719039235145,4e863b04abf00d77462be6bdf33a6b2ad343ab81,True,5be1e94298b14dbd9a2bead98c4b7ccfcddf8b3283caa5e1610ddb3259caa269,configs/doxorubicin_parameters.json,0b7d200aedee3aed703b810ad54927a2126d9ee0952f6ef87cf5ebb57992d345,configs/parameter_provenance.csv,86c4261fcb9616a643db79340fe0b7398ba10a5c46464e67e8b697bcfc3a4ec9
vary_escape_over_reference:0.1,doublet,doublet-manifold mixture PD/2,,0.9999999999999999,1000000.0,8.0,8e-06,1.0,1000000.0,0.1,100000.0,0.1,100000.0,0.1,100000.0,1.0,1000000.0,0.1,100000.0,0.0035435668521032063,0.018691365998289456,0.022234932850392665,0.7563814652965369,0.07287272766170409,0.829254192958241,0.1485108741913574,0.022234932850392665,0.999999999999991,8.992806499463768e-15,constant-generator matrix exponential Pade(13),81,dimensionless populations/per-encounter yields,dimensionless per encounter unless field name gives s^-1 or s,True,"Illustrative one-factor-at-a-time grid; bounds are not measured ranges or probability priors. Results are populations and per-encounter yields, not concentrations or biological fluxes. No encounter yield is converted to molarity, and no continuous biological ROS source is modeled.",vary_escape_over_reference:0.1,0.1,81,0.022234932850392665,4e863b04abf00d77462be6bdf33a6b2ad343ab81,True,5be1e94298b14dbd9a2bead98c4b7ccfcddf8b3283caa5e1610ddb3259caa269,configs/doxorubicin_parameters.json,0b7d200aedee3aed703b810ad54927a2126d9ee0952f6ef87cf5ebb57992d345,configs/parameter_provenance.csv,86c4261fcb9616a643db79340fe0b7398ba10a5c46464e67e8b697bcfc3a4ec9
vary_escape_over_reference:0.1,quartet,quartet-manifold mixture PQ/4,,-1.008102552748629e-17,1000000.0,8.0,8e-06,1.0,1000000.0,0.1,100000.0,0.1,100000.0,0.1,100000.0,1.0,1000000.0,0.1,100000.0,0.009345682999144735,0.06680192913451162,0.07614761213365635,0.3643636383085211,0.26152619286348266,0.6258898311720038,0.29796255669433386,0.07614761213365635,0.999999999999994,5.995204332975845e-15,constant-generator matrix exponential Pade(13),81,dimensionless populations/per-encounter yields,dimensionless per encounter unless field name gives s^-1 or s,True,"Illustrative one-factor-at-a-time grid; bounds are not measured ranges or probability priors. Results are populations and per-encounter yields, not concentrations or biological fluxes. No encounter yield is converted to molarity, and no continuous biological ROS source is modeled.",vary_escape_over_reference:0.1,0.1,81,0.07614761213365635,4e863b04abf00d77462be6bdf33a6b2ad343ab81,True,5be1e94298b14dbd9a2bead98c4b7ccfcddf8b3283caa5e1610ddb3259caa269,configs/doxorubicin_parameters.json,0b7d200aedee3aed703b810ad54927a2126d9ee0952f6ef87cf5ebb57992d345,configs/parameter_provenance.csv,86c4261fcb9616a643db79340fe0b7398ba10a5c46464e67e8b697bcfc3a4ec9
vary_escape_over_reference:0.1,mixture,manifold mixture pD=0.25,0.25,0.24999999999999994,1000000.0,8.0,8e-06,1.0,1000000.0,0.1,100000.0,0.1,100000.0,0.1,100000.0,1.0,1000000.0,0.1,100000.0,0.007895153962384355,0.0547742883504561,0.06266944231284045,0.4623680950555243,0.21436282656303818,0.6767309216185624,0.26059963606859055,0.06266944231284045,0.9999999999999933,6.661338147750939e-15,constant-generator matrix exponential Pade(13),81,dimensionless populations/per-encounter yields,dimensionless per encounter unless field name gives s^-1 or s,True,"Illustrative one-factor-at-a-time grid; bounds are not measured ranges or probability priors. Results are populations and per-encounter yields, not concentrations or biological fluxes. No encounter yield is converted to molarity, and no continuous biological ROS source is modeled.",vary_escape_over_reference:0.1,0.1,81,0.06266944231284045,4e863b04abf00d77462be6bdf33a6b2ad343ab81,True,5be1e94298b14dbd9a2bead98c4b7ccfcddf8b3283caa5e1610ddb3259caa269,configs/doxorubicin_parameters.json,0b7d200aedee3aed703b810ad54927a2126d9ee0952f6ef87cf5ebb57992d345,configs/parameter_provenance.csv,86c4261fcb9616a643db79340fe0b7398ba10a5c46464e67e8b697bcfc3a4ec9
vary_escape_over_reference:0.1,mixture,manifold mixture pD=0.75,0.75,0.7499999999999999,1000000.0,8.0,8e-06,1.0,1000000.0,0.1,100000.0,0.1,100000.0,0.1,100000.0,1.0,1000000.0,0.1,100000.0,0.004994095888863591,0.030719006782345,0.03571310267120859,0.658377008549534,0.12003609396214879,0.7784131025116827,0.18587379481710178,0.03571310267120859,0.9999999999999931,6.8833827526759706e-15,constant-generator matrix exponential Pade(13),81,dimensionless populations/per-encounter yields,dimensionless per encounter unless field name gives s^-1 or s,True,"Illustrative one-factor-at-a-time grid; bounds are not measured ranges or probability priors. Results are populations and per-encounter yields, not concentrations or biological fluxes. No encounter yield is converted to molarity, and no continuous biological ROS source is modeled.",vary_escape_over_reference:0.1,0.1,81,0.03571310267120859,4e863b04abf00d77462be6bdf33a6b2ad343ab81,True,5be1e94298b14dbd9a2bead98c4b7ccfcddf8b3283caa5e1610ddb3259caa269,configs/doxorubicin_parameters.json,0b7d200aedee3aed703b810ad54927a2126d9ee0952f6ef87cf5ebb57992d345,configs/parameter_provenance.csv,86c4261fcb9616a643db79340fe0b7398ba10a5c46464e67e8b697bcfc3a4ec9
vary_escape_over_reference:10,unpolarized,unpolarized I6/6,,0.33333333333333337,1000000.0,8.0,8e-06,1.0,1000000.0,0.1,100000.0,0.1,100000.0,10.0,10000000.0,1.0,1000000.0,0.1,100000.0,2.9770875103740477e-37,2.0391166148622932e-36,2.3368253658996983e-36,0.03034485470482581,0.006596104933137679,0.03694095963796349,0.9630590403620275,2.3368253658996983e-36,0.999999999999991,8.992806499463768e-15,constant-generator matrix exponential Pade(13),81,dimensionless populations/per-encounter yields,dimensionless per encounter unless field name gives s^-1 or s,True,"Illustrative one-factor-at-a-time grid; bounds are not measured ranges or probability priors. Results are populations and per-encounter yields, not concentrations or biological fluxes. No encounter yield is converted to molarity, and no continuous biological ROS source is modeled.",vary_escape_over_reference:10,0.1,81,2.3368253658996983e-36,4e863b04abf00d77462be6bdf33a6b2ad343ab81,True,5be1e94298b14dbd9a2bead98c4b7ccfcddf8b3283caa5e1610ddb3259caa269,configs/doxorubicin_parameters.json,0b7d200aedee3aed703b810ad54927a2126d9ee0952f6ef87cf5ebb57992d345,configs/parameter_provenance.csv,86c4261fcb9616a643db79340fe0b7398ba10a5c46464e67e8b697bcfc3a4ec9
vary_escape_over_reference:10,doublet,doublet-manifold mixture PD/2,,0.9999999999999999,1000000.0,8.0,8e-06,1.0,1000000.0,0.1,100000.0,0.1,100000.0,10.0,10000000.0,1.0,1000000.0,0.1,100000.0,1.4233695269359415e-37,7.5078930041862285e-37,8.931262531122171e-37,0.08950100271529801,0.000153356139917924,0.08965435885521593,0.9103456411447745,8.931262531122171e-37,0.9999999999999903,9.658940314238862e-15,constant-generator matrix exponential Pade(13),81,dimensionless populations/per-encounter yields,dimensionless per encounter unless field name gives s^-1 or s,True,"Illustrative one-factor-at-a-time grid; bounds are not measured ranges or probability priors. Results are populations and per-encounter yields, not concentrations or biological fluxes. No encounter yield is converted to molarity, and no continuous biological ROS source is modeled.",vary_escape_over_reference:10,0.1,81,8.931262531122171e-37,4e863b04abf00d77462be6bdf33a6b2ad343ab81,True,5be1e94298b14dbd9a2bead98c4b7ccfcddf8b3283caa5e1610ddb3259caa269,configs/doxorubicin_parameters.json,0b7d200aedee3aed703b810ad54927a2126d9ee0952f6ef87cf5ebb57992d345,configs/parameter_provenance.csv,86c4261fcb9616a643db79340fe0b7398ba10a5c46464e67e8b697bcfc3a4ec9
vary_escape_over_reference:10,quartet,quartet-manifold mixture PQ/4,,-1.008102552748629e-17,1000000.0,8.0,8e-06,1.0,1000000.0,0.1,100000.0,0.1,100000.0,10.0,10000000.0,1.0,1000000.0,0.1,100000.0,3.7539465020931113e-37,2.683280272084131e-36,3.058674922293442e-36,0.0007667806995896258,0.009817479329747542,0.010584260029337168,0.9894157399706531,3.058674922293442e-36,0.9999999999999903,9.658940314238862e-15,constant-generator matrix exponential Pade(13),81,dimensionless populations/per-encounter yields,dimensionless per encounter unless field name gives s^-1 or s,True,"Illustrative one-factor-at-a-time grid; bounds are not measured ranges or probability priors. Results are populations and per-encounter yields, not concentrations or biological fluxes. No encounter yield is converted to molarity, and no continuous biological ROS source is modeled.",vary_escape_over_reference:10,0.1,81,3.058674922293442e-36,4e863b04abf00d77462be6bdf33a6b2ad343ab81,True,5be1e94298b14dbd9a2bead98c4b7ccfcddf8b3283caa5e1610ddb3259caa269,configs/doxorubicin_parameters.json,0b7d200aedee3aed703b810ad54927a2126d9ee0952f6ef87cf5ebb57992d345,configs/parameter_provenance.csv,86c4261fcb9616a643db79340fe0b7398ba10a5c46464e67e8b697bcfc3a4ec9
vary_escape_over_reference:10,mixture,manifold mixture pD=0.25,0.25,0.24999999999999994,1000000.0,8.0,8e-06,1.0,1000000.0,0.1,100000.0,0.1,100000.0,10.0,10000000.0,1.0,1000000.0,0.1,100000.0,3.1713022583038175e-37,2.2001575291677534e-36,2.5172877549981354e-36,0.02295033620351672,0.007401448532290159,0.030351784735806877,0.9696482152641837,2.5172877549981354e-36,0.9999999999999906,9.43689570931383e-15,constant-generator matrix exponential Pade(13),81,dimensionless populations/per-encounter yields,dimensionless per encounter unless field name gives s^-1 or s,True,"Illustrative one-factor-at-a-time grid; bounds are not measured ranges or probability priors. Results are populations and per-encounter yields, not concentrations or biological fluxes. No encounter yield is converted to molarity, and no continuous biological ROS source is modeled.",vary_escape_over_reference:10,0.1,81,2.5172877549981354e-36,4e863b04abf00d77462be6bdf33a6b2ad343ab81,True,5be1e94298b14dbd9a2bead98c4b7ccfcddf8b3283caa5e1610ddb3259caa269,configs/doxorubicin_parameters.json,0b7d200aedee3aed703b810ad54927a2126d9ee0952f6ef87cf5ebb57992d345,configs/parameter_provenance.csv,86c4261fcb9616a643db79340fe0b7398ba10a5c46464e67e8b697bcfc3a4ec9
vary_escape_over_reference:10,mixture,manifold mixture pD=0.75,0.75,0.7499999999999999,1000000.0,8.0,8e-06,1.0,1000000.0,0.1,100000.0,0.1,100000.0,10.0,10000000.0,1.0,1000000.0,0.1,100000.0,2.006013770725233e-37,1.2339120433349999e-36,1.4345134204075235e-36,0.06731744721137083,0.0025693869373753313,0.06988683414874616,0.930113165851244,1.4345134204075235e-36,0.9999999999999902,9.769962616701378e-15,constant-generator matrix exponential Pade(13),81,dimensionless populations/per-encounter yields,dimensionless per encounter unless field name gives s^-1 or s,True,"Illustrative one-factor-at-a-time grid; bounds are not measured ranges or probability priors. Results are populations and per-encounter yields, not concentrations or biological fluxes. No encounter yield is converted to molarity, and no continuous biological ROS source is modeled.",vary_escape_over_reference:10,0.1,81,1.4345134204075235e-36,4e863b04abf00d77462be6bdf33a6b2ad343ab81,True,5be1e94298b14dbd9a2bead98c4b7ccfcddf8b3283caa5e1610ddb3259caa269,configs/doxorubicin_parameters.json,0b7d200aedee3aed703b810ad54927a2126d9ee0952f6ef87cf5ebb57992d345,configs/parameter_provenance.csv,86c4261fcb9616a643db79340fe0b7398ba10a5c46464e67e8b697bcfc3a4ec9
vary_kq_over_kd:0,unpolarized,unpolarized I6/6,,0.33333333333333337,1000000.0,8.0,8e-06,1.0,1000000.0,0.1,100000.0,0.1,100000.0,1.0,1000000.0,1.0,1000000.0,0.0,0.0,1.0797325585332592e-05,8.136985246472273e-05,9.216717805005532e-05,0.18877171713259064,0.0,0.18877171713259064,0.8111361156893517,9.216717805005532e-05,0.9999999999999925,7.549516567451064e-15,constant-generator matrix exponential Pade(13),81,dimensionless populations/per-encounter yields,dimensionless per encounter unless field name gives s^-1 or s,True,"Illustrative one-factor-at-a-time grid; bounds are not measured ranges or probability priors. Results are populations and per-encounter yields, not concentrations or biological fluxes. No encounter yield is converted to molarity, and no continuous biological ROS source is modeled.",vary_kq_over_kd:0,0.1,81,9.216717805005532e-05,4e863b04abf00d77462be6bdf33a6b2ad343ab81,True,5be1e94298b14dbd9a2bead98c4b7ccfcddf8b3283caa5e1610ddb3259caa269,configs/doxorubicin_parameters.json,0b7d200aedee3aed703b810ad54927a2126d9ee0952f6ef87cf5ebb57992d345,configs/parameter_provenance.csv,86c4261fcb9616a643db79340fe0b7398ba10a5c46464e67e8b697bcfc3a4ec9
vary_kq_over_kd:0,doublet,doublet-manifold mixture PD/2,,0.9999999999999999,1000000.0,8.0,8e-06,1.0,1000000.0,0.1,100000.0,0.1,100000.0,1.0,1000000.0,1.0,1000000.0,0.0,0.0,4.780677318402189e-06,2.76112994375956e-05,3.239197675599779e-05,0.4336524566254652,0.0,0.4336524566254652,0.5663151513977672,3.239197675599779e-05,0.9999999999999885,1.1546319456101628e-14,constant-generator matrix exponential Pade(13),81,dimensionless populations/per-encounter yields,dimensionless per encounter unless field name gives s^-1 or s,True,"Illustrative one-factor-at-a-time grid; bounds are not measured ranges or probability priors. Results are populations and per-encounter yields, not concentrations or biological fluxes. No encounter yield is converted to molarity, and no continuous biological ROS source is modeled.",vary_kq_over_kd:0,0.1,81,3.239197675599779e-05,4e863b04abf00d77462be6bdf33a6b2ad343ab81,True,5be1e94298b14dbd9a2bead98c4b7ccfcddf8b3283caa5e1610ddb3259caa269,configs/doxorubicin_parameters.json,0b7d200aedee3aed703b810ad54927a2126d9ee0952f6ef87cf5ebb57992d345,configs/parameter_provenance.csv,86c4261fcb9616a643db79340fe0b7398ba10a5c46464e67e8b697bcfc3a4ec9
vary_kq_over_kd:0,quartet,quartet-manifold mixture PQ/4,,-1.008102552748629e-17,1000000.0,8.0,8e-06,1.0,1000000.0,0.1,100000.0,0.1,100000.0,1.0,1000000.0,1.0,1000000.0,0.0,0.0,1.3805649718797788e-05,0.00010824912897828621,0.00012205477869708402,0.06633134738615332,0.0,0.06633134738615332,0.9335465978351422,0.00012205477869708402,0.9999999999999926,7.438494264988549e-15,constant-generator matrix exponential Pade(13),81,dimensionless populations/per-encounter yields,dimensionless per encounter unless field name gives s^-1 or s,True,"Illustrative one-factor-at-a-time grid; bounds are not measured ranges or probability priors. Results are populations and per-encounter yields, not concentrations or biological fluxes. No encounter yield is converted to molarity, and no continuous biological ROS source is modeled.",vary_kq_over_kd:0,0.1,81,0.00012205477869708402,4e863b04abf00d77462be6bdf33a6b2ad343ab81,True,5be1e94298b14dbd9a2bead98c4b7ccfcddf8b3283caa5e1610ddb3259caa269,configs/doxorubicin_parameters.json,0b7d200aedee3aed703b810ad54927a2126d9ee0952f6ef87cf5ebb57992d345,configs/parameter_provenance.csv,86c4261fcb9616a643db79340fe0b7398ba10a5c46464e67e8b697bcfc3a4ec9
vary_kq_over_kd:0,mixture,manifold mixture pD=0.25,0.25,0.24999999999999994,1000000.0,8.0,8e-06,1.0,1000000.0,0.1,100000.0,0.1,100000.0,1.0,1000000.0,1.0,1000000.0,0.0,0.0,1.1549406618698892e-05,8.808967159311355e-05,9.963907821181246e-05,0.15816162469598086,0.0,0.15816162469598086,0.8417387362257996,9.963907821181246e-05,0.9999999999999923,7.66053886991358e-15,constant-generator matrix exponential Pade(13),81,dimensionless populations/per-encounter yields,dimensionless per encounter unless field name gives s^-1 or s,True,"Illustrative one-factor-at-a-time grid; bounds are not measured ranges or probability priors. Results are populations and per-encounter yields, not concentrations or biological fluxes. No encounter yield is converted to molarity, and no continuous biological ROS source is modeled.",vary_kq_over_kd:0,0.1,81,9.963907821181246e-05,4e863b04abf00d77462be6bdf33a6b2ad343ab81,True,5be1e94298b14dbd9a2bead98c4b7ccfcddf8b3283caa5e1610ddb3259caa269,configs/doxorubicin_parameters.json,0b7d200aedee3aed703b810ad54927a2126d9ee0952f6ef87cf5ebb57992d345,configs/parameter_provenance.csv,86c4261fcb9616a643db79340fe0b7398ba10a5c46464e67e8b697bcfc3a4ec9
vary_kq_over_kd:0,mixture,manifold mixture pD=0.75,0.75,0.7499999999999999,1000000.0,8.0,8e-06,1.0,1000000.0,0.1,100000.0,0.1,100000.0,1.0,1000000.0,1.0,1000000.0,0.0,0.0,7.036920418501078e-06,4.777075682276819e-05,5.480767724126926e-05,0.34182217931563674,0.0,0.34182217931563674,0.6581230130071112,5.480767724126926e-05,0.9999999999999892,1.0769163338864018e-14,constant-generator matrix exponential Pade(13),81,dimensionless populations/per-encounter yields,dimensionless per encounter unless field name gives s^-1 or s,True,"Illustrative one-factor-at-a-time grid; bounds are not measured ranges or probability priors. Results are populations and per-encounter yields, not concentrations or biological fluxes. No encounter yield is converted to molarity, and no continuous biological ROS source is modeled.",vary_kq_over_kd:0,0.1,81,5.480767724126926e-05,4e863b04abf00d77462be6bdf33a6b2ad343ab81,True,5be1e94298b14dbd9a2bead98c4b7ccfcddf8b3283caa5e1610ddb3259caa269,configs/doxorubicin_parameters.json,0b7d200aedee3aed703b810ad54927a2126d9ee0952f6ef87cf5ebb57992d345,configs/parameter_provenance.csv,86c4261fcb9616a643db79340fe0b7398ba10a5c46464e67e8b697bcfc3a4ec9
vary_kq_over_kd:1,unpolarized,unpolarized I6/6,,0.33333333333333337,1000000.0,8.0,8e-06,1.0,1000000.0,0.1,100000.0,0.1,100000.0,1.0,1000000.0,1.0,1000000.0,1.0,1000000.0,3.7511724906419364e-08,7.502344981283873e-08,1.1253517471925808e-07,0.16666664791080185,0.3333332958216053,0.4999999437324072,0.499999943732408,1.1253517471925808e-07,0.99999999999999,9.992007221626409e-15,constant-generator matrix exponential Pade(13),81,dimensionless populations/per-encounter yields,dimensionless per encounter unless field name gives s^-1 or s,True,"Illustrative one-factor-at-a-time grid; bounds are not measured ranges or probability priors. Results are populations and per-encounter yields, not concentrations or biological fluxes. No encounter yield is converted to molarity, and no continuous biological ROS source is modeled.",vary_kq_over_kd:1,0.1,81,1.1253517471925808e-07,4e863b04abf00d77462be6bdf33a6b2ad343ab81,True,5be1e94298b14dbd9a2bead98c4b7ccfcddf8b3283caa5e1610ddb3259caa269,configs/doxorubicin_parameters.json,0b7d200aedee3aed703b810ad54927a2126d9ee0952f6ef87cf5ebb57992d345,configs/parameter_provenance.csv,86c4261fcb9616a643db79340fe0b7398ba10a5c46464e67e8b697bcfc3a4ec9
vary_kq_over_kd:1,doublet,doublet-manifold mixture PD/2,,0.9999999999999999,1000000.0,8.0,8e-06,1.0,1000000.0,0.1,100000.0,0.1,100000.0,1.0,1000000.0,1.0,1000000.0,1.0,1000000.0,4.1091459251413234e-08,7.144371546784484e-08,1.1253517471925807e-07,0.43510445056437674,0.06489549316803264,0.4999999437324094,0.49999994373240825,1.1253517471925807e-07,0.9999999999999925,7.549516567451064e-15,constant-generator matrix exponential Pade(13),81,dimensionless populations/per-encounter yields,dimensionless per encounter unless field name gives s^-1 or s,True,"Illustrative one-factor-at-a-time grid; bounds are not measured ranges or probability priors. Results are populations and per-encounter yields, not concentrations or biological fluxes. No encounter yield is converted to molarity, and no continuous biological ROS source is modeled.",vary_kq_over_kd:1,0.1,81,1.1253517471925807e-07,4e863b04abf00d77462be6bdf33a6b2ad343ab81,True,5be1e94298b14dbd9a2bead98c4b7ccfcddf8b3283caa5e1610ddb3259caa269,configs/doxorubicin_parameters.json,0b7d200aedee3aed703b810ad54927a2126d9ee0952f6ef87cf5ebb57992d345,configs/parameter_provenance.csv,86c4261fcb9616a643db79340fe0b7398ba10a5c46464e67e8b697bcfc3a4ec9
vary_kq_over_kd:1,quartet,quartet-manifold mixture PQ/4,,-1.008102552748629e-17,1000000.0,8.0,8e-06,1.0,1000000.0,0.1,100000.0,0.1,100000.0,1.0,1000000.0,1.0,1000000.0,1.0,1000000.0,3.572185773392242e-08,7.681331698533564e-08,1.1253517471925806e-07,0.03244774658401639,0.46755219714839086,0.49999994373240725,0.4999999437324085,1.1253517471925806e-07,0.9999999999999905,9.547918011776346e-15,constant-generator matrix exponential Pade(13),81,dimensionless populations/per-encounter yields,dimensionless per encounter unless field name gives s^-1 or s,True,"Illustrative one-factor-at-a-time grid; bounds are not measured ranges or probability priors. Results are populations and per-encounter yields, not concentrations or biological fluxes. No encounter yield is converted to molarity, and no continuous biological ROS source is modeled.",vary_kq_over_kd:1,0.1,81,1.1253517471925806e-07,4e863b04abf00d77462be6bdf33a6b2ad343ab81,True,5be1e94298b14dbd9a2bead98c4b7ccfcddf8b3283caa5e1610ddb3259caa269,configs/doxorubicin_parameters.json,0b7d200aedee3aed703b810ad54927a2126d9ee0952f6ef87cf5ebb57992d345,configs/parameter_provenance.csv,86c4261fcb9616a643db79340fe0b7398ba10a5c46464e67e8b697bcfc3a4ec9
vary_kq_over_kd:1,mixture,manifold mixture pD=0.25,0.25,0.24999999999999994,1000000.0,8.0,8e-06,1.0,1000000.0,0.1,100000.0,0.1,100000.0,1.0,1000000.0,1.0,1000000.0,1.0,1000000.0,3.706425811329511e-08,7.547091660596292e-08,1.1253517471925804e-07,0.1331119225791059,0.3668880211533017,0.49999994373240764,0.4999999437324082,1.1253517471925804e-07,0.9999999999999906,9.43689570931383e-15,constant-generator matrix exponential Pade(13),81,dimensionless populations/per-encounter yields,dimensionless per encounter unless field name gives s^-1 or s,True,"Illustrative one-factor-at-a-time grid; bounds are not measured ranges or probability priors. Results are populations and per-encounter yields, not concentrations or biological fluxes. No encounter yield is converted to molarity, and no continuous biological ROS source is modeled.",vary_kq_over_kd:1,0.1,81,1.1253517471925804e-07,4e863b04abf00d77462be6bdf33a6b2ad343ab81,True,5be1e94298b14dbd9a2bead98c4b7ccfcddf8b3283caa5e1610ddb3259caa269,configs/doxorubicin_parameters.json,0b7d200aedee3aed703b810ad54927a2126d9ee0952f6ef87cf5ebb57992d345,configs/parameter_provenance.csv,86c4261fcb9616a643db79340fe0b7398ba10a5c46464e67e8b697bcfc3a4ec9
vary_kq_over_kd:1,mixture,manifold mixture pD=0.75,0.75,0.7499999999999999,1000000.0,8.0,8e-06,1.0,1000000.0,0.1,100000.0,0.1,100000.0,1.0,1000000.0,1.0,1000000.0,1.0,1000000.0,3.974905887204054e-08,7.278611584721752e-08,1.1253517471925807e-07,0.33444027456928566,0.16555966916312234,0.49999994373240797,0.49999994373240836,1.1253517471925807e-07,0.9999999999999911,8.881784197001252e-15,constant-generator matrix exponential Pade(13),81,dimensionless populations/per-encounter yields,dimensionless per encounter unless field name gives s^-1 or s,True,"Illustrative one-factor-at-a-time grid; bounds are not measured ranges or probability priors. Results are populations and per-encounter yields, not concentrations or biological fluxes. No encounter yield is converted to molarity, and no continuous biological ROS source is modeled.",vary_kq_over_kd:1,0.1,81,1.1253517471925807e-07,4e863b04abf00d77462be6bdf33a6b2ad343ab81,True,5be1e94298b14dbd9a2bead98c4b7ccfcddf8b3283caa5e1610ddb3259caa269,configs/doxorubicin_parameters.json,0b7d200aedee3aed703b810ad54927a2126d9ee0952f6ef87cf5ebb57992d345,configs/parameter_provenance.csv,86c4261fcb9616a643db79340fe0b7398ba10a5c46464e67e8b697bcfc3a4ec9
vary_kq_over_kd:10,unpolarized,unpolarized I6/6,,0.33333333333333337,1000000.0,8.0,8e-06,1.0,1000000.0,0.1,100000.0,0.1,100000.0,1.0,1000000.0,1.0,1000000.0,10.0,10000000.0,6.310928035646437e-09,1.6449239359831654e-10,6.475420429244754e-09,0.15440984628603638,0.628345728138635,0.7827555744246714,0.21724441909989947,6.475420429244754e-09,0.9999999999999912,8.770761894538737e-15,constant-generator matrix exponential Pade(13),81,dimensionless populations/per-encounter yields,dimensionless per encounter unless field name gives s^-1 or s,True,"Illustrative one-factor-at-a-time grid; bounds are not measured ranges or probability priors. Results are populations and per-encounter yields, not concentrations or biological fluxes. No encounter yield is converted to molarity, and no continuous biological ROS source is modeled.",vary_kq_over_kd:10,0.1,81,6.475420429244754e-09,4e863b04abf00d77462be6bdf33a6b2ad343ab81,True,5be1e94298b14dbd9a2bead98c4b7ccfcddf8b3283caa5e1610ddb3259caa269,configs/doxorubicin_parameters.json,0b7d200aedee3aed703b810ad54927a2126d9ee0952f6ef87cf5ebb57992d345,configs/parameter_provenance.csv,86c4261fcb9616a643db79340fe0b7398ba10a5c46464e67e8b697bcfc3a4ec9
vary_kq_over_kd:10,doublet,doublet-manifold mixture PD/2,,0.9999999999999999,1000000.0,8.0,8e-06,1.0,1000000.0,0.1,100000.0,0.1,100000.0,1.0,1000000.0,1.0,1000000.0,10.0,10000000.0,1.8451842520325776e-08,4.80941586613525e-10,1.8932784106939308e-08,0.4550583273746661,0.08171211483443443,0.5367704422091005,0.4632295388581075,1.8932784106939308e-08,0.9999999999999921,7.882583474838611e-15,constant-generator matrix exponential Pade(13),81,dimensionless populations/per-encounter yields,dimensionless per encounter unless field name gives s^-1 or s,True,"Illustrative one-factor-at-a-time grid; bounds are not measured ranges or probability priors. Results are populations and per-encounter yields, not concentrations or biological fluxes. No encounter yield is converted to molarity, and no continuous biological ROS source is modeled.",vary_kq_over_kd:10,0.1,81,1.8932784106939308e-08,4e863b04abf00d77462be6bdf33a6b2ad343ab81,True,5be1e94298b14dbd9a2bead98c4b7ccfcddf8b3283caa5e1610ddb3259caa269,configs/doxorubicin_parameters.json,0b7d200aedee3aed703b810ad54927a2126d9ee0952f6ef87cf5ebb57992d345,configs/parameter_provenance.csv,86c4261fcb9616a643db79340fe0b7398ba10a5c46464e67e8b697bcfc3a4ec9
vary_kq_over_kd:10,quartet,quartet-manifold mixture PQ/4,,-1.008102552748629e-17,1000000.0,8.0,8e-06,1.0,1000000.0,0.1,100000.0,0.1,100000.0,1.0,1000000.0,1.0,1000000.0,10.0,10000000.0,2.4047079330676265e-10,6.267797090711713e-12,2.4673859039747434e-10,0.004085605741721732,0.9016625347907363,0.9057481405324581,0.09425185922079511,2.4673859039747434e-10,0.9999999999999919,8.104628079763643e-15,constant-generator matrix exponential Pade(13),81,dimensionless populations/per-encounter yields,dimensionless per encounter unless field name gives s^-1 or s,True,"Illustrative one-factor-at-a-time grid; bounds are not measured ranges or probability priors. Results are populations and per-encounter yields, not concentrations or biological fluxes. No encounter yield is converted to molarity, and no continuous biological ROS source is modeled.",vary_kq_over_kd:10,0.1,81,2.4673859039747434e-10,4e863b04abf00d77462be6bdf33a6b2ad343ab81,True,5be1e94298b14dbd9a2bead98c4b7ccfcddf8b3283caa5e1610ddb3259caa269,configs/doxorubicin_parameters.json,0b7d200aedee3aed703b810ad54927a2126d9ee0952f6ef87cf5ebb57992d345,configs/parameter_provenance.csv,86c4261fcb9616a643db79340fe0b7398ba10a5c46464e67e8b697bcfc3a4ec9
vary_kq_over_kd:10,mixture,manifold mixture pD=0.25,0.25,0.24999999999999994,1000000.0,8.0,8e-06,1.0,1000000.0,0.1,100000.0,0.1,100000.0,1.0,1000000.0,1.0,1000000.0,10.0,10000000.0,4.793313725061515e-09,1.2493624447141505e-10,4.91824996953293e-09,0.11682878614995765,0.6966749298016596,0.8135037159516172,0.18649627913012312,4.91824996953293e-09,0.9999999999999902,9.769962616701378e-15,constant-generator matrix exponential Pade(13),81,dimensionless populations/per-encounter yields,dimensionless per encounter unless field name gives s^-1 or s,True,"Illustrative one-factor-at-a-time grid; bounds are not measured ranges or probability priors. Results are populations and per-encounter yields, not concentrations or biological fluxes. No encounter yield is converted to molarity, and no continuous biological ROS source is modeled.",vary_kq_over_kd:10,0.1,81,4.91824996953293e-09,4e863b04abf00d77462be6bdf33a6b2ad343ab81,True,5be1e94298b14dbd9a2bead98c4b7ccfcddf8b3283caa5e1610ddb3259caa269,configs/doxorubicin_parameters.json,0b7d200aedee3aed703b810ad54927a2126d9ee0952f6ef87cf5ebb57992d345,configs/parameter_provenance.csv,86c4261fcb9616a643db79340fe0b7398ba10a5c46464e67e8b697bcfc3a4ec9
vary_kq_over_kd:10,mixture,manifold mixture pD=0.75,0.75,0.7499999999999999,1000000.0,8.0,8e-06,1.0,1000000.0,0.1,100000.0,0.1,100000.0,1.0,1000000.0,1.0,1000000.0,10.0,10000000.0,1.3898999588571028e-08,3.622731392328224e-10,1.4261272727803852e-08,0.34231514696642895,0.2866997198235102,0.6290148667899391,0.37098511894877967,1.4261272727803852e-08,0.9999999999999915,8.548717289613705e-15,constant-generator matrix exponential Pade(13),81,dimensionless populations/per-encounter yields,dimensionless per encounter unless field name gives s^-1 or s,True,"Illustrative one-factor-at-a-time grid; bounds are not measured ranges or probability priors. Results are populations and per-encounter yields, not concentrations or biological fluxes. No encounter yield is converted to molarity, and no continuous biological ROS source is modeled.",vary_kq_over_kd:10,0.1,81,1.4261272727803852e-08,4e863b04abf00d77462be6bdf33a6b2ad343ab81,True,5be1e94298b14dbd9a2bead98c4b7ccfcddf8b3283caa5e1610ddb3259caa269,configs/doxorubicin_parameters.json,0b7d200aedee3aed703b810ad54927a2126d9ee0952f6ef87cf5ebb57992d345,configs/parameter_provenance.csv,86c4261fcb9616a643db79340fe0b7398ba10a5c46464e67e8b697bcfc3a4ec9
