scenario_id,initial_state,initial_state_definition,p_doublet_requested,p_doublet_initial,reference_rate_s^-1,duration_over_reference,duration_s,mixing_over_reference,local_mixing_proxy_rad_s,radical_relaxation_over_reference,radical_relaxation_s^-1,oxygen_relaxation_over_reference,oxygen_relaxation_s^-1,escape_over_reference,k_escape_s^-1,kd_over_reference,k_doublet_s^-1,kq_over_kd,k_quartet_s^-1,final_doublet_population,final_quartet_population,final_total_survival,doublet_reaction_yield_per_encounter,quartet_reaction_yield_per_encounter,primary_superoxide_yield_per_encounter,escape_yield_per_encounter,unresolved_probability,probability_balance,probability_balance_error,solver,solver_samples,output_class,units,non_predictive,limitations,scenario,relaxation_over_reference,samples,survival_probability,git_commit,source_fingerprint_sha256,config_path,config_sha256,provenance_path,provenance_sha256
baseline,unpolarized,unpolarized I6/6,,0.33333333333333337,1000000.0,8.0,8e-06,1.0,1000000.0,0.1,100000.0,0.1,100000.0,1.0,1000000.0,1.0,1000000.0,0.1,100000.0,5.53342843877061e-06,3.790048437384017e-05,4.3433912812610786e-05,0.18482905443207115,0.057299859747547296,0.24212891417961846,0.7578276519075386,4.3433912812610786e-05,0.9999999999999697,3.0309088572266774e-14,constant-generator matrix exponential Pade(13),241,dimensionless populations/per-encounter yields,dimensionless per encounter unless field name gives s^-1 or s,True,"Illustrative one-factor-at-a-time grid; bounds are not measured ranges or probability priors. Results are populations and per-encounter yields, not concentrations or biological fluxes. No encounter yield is converted to molarity, and no continuous biological ROS source is modeled.",baseline,0.1,241,4.3433912812610786e-05,05834d40de6e02835a8defabf4dbdc72dfae0463,481a2742b9e7957d5f7824ad04c8c284f1422255024a56acbea6e7660f35e687,configs/doxorubicin_parameters.json,b14b641f69afb70af9ff7557a062c2ce00e0b0cb74381ba69fcfaad4f17f04af,configs/parameter_provenance.csv,86c4261fcb9616a643db79340fe0b7398ba10a5c46464e67e8b697bcfc3a4ec9
baseline,doublet,doublet-manifold mixture PD/2,,0.9999999999999999,1000000.0,8.0,8e-06,1.0,1000000.0,0.1,100000.0,0.1,100000.0,1.0,1000000.0,1.0,1000000.0,0.1,100000.0,2.645576722814303e-06,1.3954708593497472e-05,1.6600285316311776e-05,0.4333861334320253,0.012110102986419045,0.4454962364184444,0.5544871632962063,1.6600285316311776e-05,0.999999999999967,3.297362383136715e-14,constant-generator matrix exponential Pade(13),241,dimensionless populations/per-encounter yields,dimensionless per encounter unless field name gives s^-1 or s,True,"Illustrative one-factor-at-a-time grid; bounds are not measured ranges or probability priors. Results are populations and per-encounter yields, not concentrations or biological fluxes. No encounter yield is converted to molarity, and no continuous biological ROS source is modeled.",baseline,0.1,241,1.6600285316311776e-05,05834d40de6e02835a8defabf4dbdc72dfae0463,481a2742b9e7957d5f7824ad04c8c284f1422255024a56acbea6e7660f35e687,configs/doxorubicin_parameters.json,b14b641f69afb70af9ff7557a062c2ce00e0b0cb74381ba69fcfaad4f17f04af,configs/parameter_provenance.csv,86c4261fcb9616a643db79340fe0b7398ba10a5c46464e67e8b697bcfc3a4ec9
baseline,quartet,quartet-manifold mixture PQ/4,,-1.008102552748629e-17,1000000.0,8.0,8e-06,1.0,1000000.0,0.1,100000.0,0.1,100000.0,1.0,1000000.0,1.0,1000000.0,0.1,100000.0,6.977354296748756e-06,4.987337226401149e-05,5.6850726560760245e-05,0.06055051493209519,0.07989473812811175,0.14044525306020694,0.859497896213205,5.6850726560760245e-05,0.9999999999999728,2.7200464103316335e-14,constant-generator matrix exponential Pade(13),241,dimensionless populations/per-encounter yields,dimensionless per encounter unless field name gives s^-1 or s,True,"Illustrative one-factor-at-a-time grid; bounds are not measured ranges or probability priors. Results are populations and per-encounter yields, not concentrations or biological fluxes. No encounter yield is converted to molarity, and no continuous biological ROS source is modeled.",baseline,0.1,241,5.6850726560760245e-05,05834d40de6e02835a8defabf4dbdc72dfae0463,481a2742b9e7957d5f7824ad04c8c284f1422255024a56acbea6e7660f35e687,configs/doxorubicin_parameters.json,b14b641f69afb70af9ff7557a062c2ce00e0b0cb74381ba69fcfaad4f17f04af,configs/parameter_provenance.csv,86c4261fcb9616a643db79340fe0b7398ba10a5c46464e67e8b697bcfc3a4ec9
baseline,mixture,manifold mixture pD=0.25,0.25,0.24999999999999994,1000000.0,8.0,8e-06,1.0,1000000.0,0.1,100000.0,0.1,100000.0,1.0,1000000.0,1.0,1000000.0,0.1,100000.0,5.894409903265136e-06,4.0893706346382896e-05,4.678811624964804e-05,0.1537594195570776,0.0629485793426884,0.216707998899766,0.7832452129839563,4.678811624964804e-05,0.999999999999972,2.7977620220553945e-14,constant-generator matrix exponential Pade(13),241,dimensionless populations/per-encounter yields,dimensionless per encounter unless field name gives s^-1 or s,True,"Illustrative one-factor-at-a-time grid; bounds are not measured ranges or probability priors. Results are populations and per-encounter yields, not concentrations or biological fluxes. No encounter yield is converted to molarity, and no continuous biological ROS source is modeled.",baseline,0.1,241,4.678811624964804e-05,05834d40de6e02835a8defabf4dbdc72dfae0463,481a2742b9e7957d5f7824ad04c8c284f1422255024a56acbea6e7660f35e687,configs/doxorubicin_parameters.json,b14b641f69afb70af9ff7557a062c2ce00e0b0cb74381ba69fcfaad4f17f04af,configs/parameter_provenance.csv,86c4261fcb9616a643db79340fe0b7398ba10a5c46464e67e8b697bcfc3a4ec9
baseline,mixture,manifold mixture pD=0.75,0.75,0.7499999999999999,1000000.0,8.0,8e-06,1.0,1000000.0,0.1,100000.0,0.1,100000.0,1.0,1000000.0,1.0,1000000.0,0.1,100000.0,3.7285211162979226e-06,2.293437451112601e-05,2.6662895627423933e-05,0.3401772288070425,0.02905626177184217,0.36923349057888466,0.6307398465254533,2.6662895627423933e-05,0.9999999999999655,3.452793606584237e-14,constant-generator matrix exponential Pade(13),241,dimensionless populations/per-encounter yields,dimensionless per encounter unless field name gives s^-1 or s,True,"Illustrative one-factor-at-a-time grid; bounds are not measured ranges or probability priors. Results are populations and per-encounter yields, not concentrations or biological fluxes. No encounter yield is converted to molarity, and no continuous biological ROS source is modeled.",baseline,0.1,241,2.6662895627423933e-05,05834d40de6e02835a8defabf4dbdc72dfae0463,481a2742b9e7957d5f7824ad04c8c284f1422255024a56acbea6e7660f35e687,configs/doxorubicin_parameters.json,b14b641f69afb70af9ff7557a062c2ce00e0b0cb74381ba69fcfaad4f17f04af,configs/parameter_provenance.csv,86c4261fcb9616a643db79340fe0b7398ba10a5c46464e67e8b697bcfc3a4ec9
vary_mixing_over_reference:0,unpolarized,unpolarized I6/6,,0.33333333333333337,1000000.0,8.0,8e-06,0.0,0.0,0.1,100000.0,0.1,100000.0,1.0,1000000.0,1.0,1000000.0,0.1,100000.0,4.595572637501889e-06,6.71120870661536e-05,7.170765970365548e-05,0.174727216811601,0.059133987156096864,0.23386120396769786,0.7660670883725662,7.170765970365548e-05,0.9999999999999677,3.2307490016592055e-14,constant-generator matrix exponential Pade(13),241,dimensionless populations/per-encounter yields,dimensionless per encounter unless field name gives s^-1 or s,True,"Illustrative one-factor-at-a-time grid; bounds are not measured ranges or probability priors. Results are populations and per-encounter yields, not concentrations or biological fluxes. No encounter yield is converted to molarity, and no continuous biological ROS source is modeled.",vary_mixing_over_reference:0,0.1,241,7.170765970365548e-05,05834d40de6e02835a8defabf4dbdc72dfae0463,481a2742b9e7957d5f7824ad04c8c284f1422255024a56acbea6e7660f35e687,configs/doxorubicin_parameters.json,b14b641f69afb70af9ff7557a062c2ce00e0b0cb74381ba69fcfaad4f17f04af,configs/parameter_provenance.csv,86c4261fcb9616a643db79340fe0b7398ba10a5c46464e67e8b697bcfc3a4ec9
vary_mixing_over_reference:0,doublet,doublet-manifold mixture PD/2,,0.9999999999999999,1000000.0,8.0,8e-06,0.0,0.0,0.1,100000.0,0.1,100000.0,1.0,1000000.0,1.0,1000000.0,0.1,100000.0,9.153975144719873e-07,1.2871320398033706e-05,1.3786717912505692e-05,0.4704293308930821,0.005375231954172705,0.4758045628472548,0.5241816504347986,1.3786717912505692e-05,0.9999999999999659,3.4083846855992306e-14,constant-generator matrix exponential Pade(13),241,dimensionless populations/per-encounter yields,dimensionless per encounter unless field name gives s^-1 or s,True,"Illustrative one-factor-at-a-time grid; bounds are not measured ranges or probability priors. Results are populations and per-encounter yields, not concentrations or biological fluxes. No encounter yield is converted to molarity, and no continuous biological ROS source is modeled.",vary_mixing_over_reference:0,0.1,241,1.3786717912505692e-05,05834d40de6e02835a8defabf4dbdc72dfae0463,481a2742b9e7957d5f7824ad04c8c284f1422255024a56acbea6e7660f35e687,configs/doxorubicin_parameters.json,b14b641f69afb70af9ff7557a062c2ce00e0b0cb74381ba69fcfaad4f17f04af,configs/parameter_provenance.csv,86c4261fcb9616a643db79340fe0b7398ba10a5c46464e67e8b697bcfc3a4ec9
vary_mixing_over_reference:0,quartet,quartet-manifold mixture PQ/4,,-1.008102552748629e-17,1000000.0,8.0,8e-06,0.0,0.0,0.1,100000.0,0.1,100000.0,1.0,1000000.0,1.0,1000000.0,0.1,100000.0,6.43566019901685e-06,9.42324704002136e-05,0.00010066813059923045,0.026876159770863262,0.08601336475705906,0.11288952452792232,0.8870098073414511,0.00010066813059923045,0.9999999999999727,2.731148640577885e-14,constant-generator matrix exponential Pade(13),241,dimensionless populations/per-encounter yields,dimensionless per encounter unless field name gives s^-1 or s,True,"Illustrative one-factor-at-a-time grid; bounds are not measured ranges or probability priors. Results are populations and per-encounter yields, not concentrations or biological fluxes. No encounter yield is converted to molarity, and no continuous biological ROS source is modeled.",vary_mixing_over_reference:0,0.1,241,0.00010066813059923045,05834d40de6e02835a8defabf4dbdc72dfae0463,481a2742b9e7957d5f7824ad04c8c284f1422255024a56acbea6e7660f35e687,configs/doxorubicin_parameters.json,b14b641f69afb70af9ff7557a062c2ce00e0b0cb74381ba69fcfaad4f17f04af,configs/parameter_provenance.csv,86c4261fcb9616a643db79340fe0b7398ba10a5c46464e67e8b697bcfc3a4ec9
vary_mixing_over_reference:0,mixture,manifold mixture pD=0.25,0.25,0.24999999999999994,1000000.0,8.0,8e-06,0.0,0.0,0.1,100000.0,0.1,100000.0,1.0,1000000.0,1.0,1000000.0,0.1,100000.0,5.055594527880627e-06,7.389218289966856e-05,7.894777742754919e-05,0.13776445255141573,0.06585383155633741,0.20361828410775312,0.7963027681147873,7.894777742754919e-05,0.9999999999999679,3.2085445411667024e-14,constant-generator matrix exponential Pade(13),241,dimensionless populations/per-encounter yields,dimensionless per encounter unless field name gives s^-1 or s,True,"Illustrative one-factor-at-a-time grid; bounds are not measured ranges or probability priors. Results are populations and per-encounter yields, not concentrations or biological fluxes. No encounter yield is converted to molarity, and no continuous biological ROS source is modeled.",vary_mixing_over_reference:0,0.1,241,7.894777742754919e-05,05834d40de6e02835a8defabf4dbdc72dfae0463,481a2742b9e7957d5f7824ad04c8c284f1422255024a56acbea6e7660f35e687,configs/doxorubicin_parameters.json,b14b641f69afb70af9ff7557a062c2ce00e0b0cb74381ba69fcfaad4f17f04af,configs/parameter_provenance.csv,86c4261fcb9616a643db79340fe0b7398ba10a5c46464e67e8b697bcfc3a4ec9
vary_mixing_over_reference:0,mixture,manifold mixture pD=0.75,0.75,0.7499999999999999,1000000.0,8.0,8e-06,0.0,0.0,0.1,100000.0,0.1,100000.0,1.0,1000000.0,1.0,1000000.0,0.1,100000.0,2.2954631856082027e-06,3.3211607898578654e-05,3.550707108418686e-05,0.35954103811252297,0.025534765154894293,0.38507580326741725,0.6148886896614622,3.550707108418686e-05,0.9999999999999636,3.6415315207705135e-14,constant-generator matrix exponential Pade(13),241,dimensionless populations/per-encounter yields,dimensionless per encounter unless field name gives s^-1 or s,True,"Illustrative one-factor-at-a-time grid; bounds are not measured ranges or probability priors. Results are populations and per-encounter yields, not concentrations or biological fluxes. No encounter yield is converted to molarity, and no continuous biological ROS source is modeled.",vary_mixing_over_reference:0,0.1,241,3.550707108418686e-05,05834d40de6e02835a8defabf4dbdc72dfae0463,481a2742b9e7957d5f7824ad04c8c284f1422255024a56acbea6e7660f35e687,configs/doxorubicin_parameters.json,b14b641f69afb70af9ff7557a062c2ce00e0b0cb74381ba69fcfaad4f17f04af,configs/parameter_provenance.csv,86c4261fcb9616a643db79340fe0b7398ba10a5c46464e67e8b697bcfc3a4ec9
vary_mixing_over_reference:0.1,unpolarized,unpolarized I6/6,,0.33333333333333337,1000000.0,8.0,8e-06,0.1,100000.0,0.1,100000.0,0.1,100000.0,1.0,1000000.0,1.0,1000000.0,0.1,100000.0,4.745427792137601e-06,6.610712173408127e-05,7.085254952621887e-05,0.1748628871231711,0.059109397564010215,0.23397228468718131,0.7659568627632682,7.085254952621887e-05,0.9999999999999758,2.4202861936828413e-14,constant-generator matrix exponential Pade(13),241,dimensionless populations/per-encounter yields,dimensionless per encounter unless field name gives s^-1 or s,True,"Illustrative one-factor-at-a-time grid; bounds are not measured ranges or probability priors. Results are populations and per-encounter yields, not concentrations or biological fluxes. No encounter yield is converted to molarity, and no continuous biological ROS source is modeled.",vary_mixing_over_reference:0.1,0.1,241,7.085254952621887e-05,05834d40de6e02835a8defabf4dbdc72dfae0463,481a2742b9e7957d5f7824ad04c8c284f1422255024a56acbea6e7660f35e687,configs/doxorubicin_parameters.json,b14b641f69afb70af9ff7557a062c2ce00e0b0cb74381ba69fcfaad4f17f04af,configs/parameter_provenance.csv,86c4261fcb9616a643db79340fe0b7398ba10a5c46464e67e8b697bcfc3a4ec9
vary_mixing_over_reference:0.1,doublet,doublet-manifold mixture PD/2,,0.9999999999999999,1000000.0,8.0,8e-06,0.1,100000.0,0.1,100000.0,0.1,100000.0,1.0,1000000.0,1.0,1000000.0,0.1,100000.0,9.675434606681925e-07,1.3268739915744594e-05,1.4236283376412788e-05,0.46993137356681836,0.005465728780269326,0.4753971023470877,0.5245886613695023,1.4236283376412788e-05,0.9999999999999665,3.352873534367973e-14,constant-generator matrix exponential Pade(13),241,dimensionless populations/per-encounter yields,dimensionless per encounter unless field name gives s^-1 or s,True,"Illustrative one-factor-at-a-time grid; bounds are not measured ranges or probability priors. Results are populations and per-encounter yields, not concentrations or biological fluxes. No encounter yield is converted to molarity, and no continuous biological ROS source is modeled.",vary_mixing_over_reference:0.1,0.1,241,1.4236283376412788e-05,05834d40de6e02835a8defabf4dbdc72dfae0463,481a2742b9e7957d5f7824ad04c8c284f1422255024a56acbea6e7660f35e687,configs/doxorubicin_parameters.json,b14b641f69afb70af9ff7557a062c2ce00e0b0cb74381ba69fcfaad4f17f04af,configs/parameter_provenance.csv,86c4261fcb9616a643db79340fe0b7398ba10a5c46464e67e8b697bcfc3a4ec9
vary_mixing_over_reference:0.1,quartet,quartet-manifold mixture PQ/4,,-1.008102552748629e-17,1000000.0,8.0,8e-06,0.1,100000.0,0.1,100000.0,0.1,100000.0,1.0,1000000.0,1.0,1000000.0,0.1,100000.0,6.634369957872297e-06,9.25263126432497e-05,9.9160682601122e-05,0.027328643901346632,0.08593123195588041,0.11325987585722705,0.8866409634601461,9.9160682601122e-05,0.9999999999999742,2.5757174171303632e-14,constant-generator matrix exponential Pade(13),241,dimensionless populations/per-encounter yields,dimensionless per encounter unless field name gives s^-1 or s,True,"Illustrative one-factor-at-a-time grid; bounds are not measured ranges or probability priors. Results are populations and per-encounter yields, not concentrations or biological fluxes. No encounter yield is converted to molarity, and no continuous biological ROS source is modeled.",vary_mixing_over_reference:0.1,0.1,241,9.9160682601122e-05,05834d40de6e02835a8defabf4dbdc72dfae0463,481a2742b9e7957d5f7824ad04c8c284f1422255024a56acbea6e7660f35e687,configs/doxorubicin_parameters.json,b14b641f69afb70af9ff7557a062c2ce00e0b0cb74381ba69fcfaad4f17f04af,configs/parameter_provenance.csv,86c4261fcb9616a643db79340fe0b7398ba10a5c46464e67e8b697bcfc3a4ec9
vary_mixing_over_reference:0.1,mixture,manifold mixture pD=0.25,0.25,0.24999999999999994,1000000.0,8.0,8e-06,0.1,100000.0,0.1,100000.0,0.1,100000.0,1.0,1000000.0,1.0,1000000.0,0.1,100000.0,5.217663333571271e-06,7.271191946137337e-05,7.792958279494465e-05,0.1379793263177147,0.06581485616197773,0.20379418247969244,0.7961278879374855,7.792958279494465e-05,0.9999999999999728,2.7200464103316335e-14,constant-generator matrix exponential Pade(13),241,dimensionless populations/per-encounter yields,dimensionless per encounter unless field name gives s^-1 or s,True,"Illustrative one-factor-at-a-time grid; bounds are not measured ranges or probability priors. Results are populations and per-encounter yields, not concentrations or biological fluxes. No encounter yield is converted to molarity, and no continuous biological ROS source is modeled.",vary_mixing_over_reference:0.1,0.1,241,7.792958279494465e-05,05834d40de6e02835a8defabf4dbdc72dfae0463,481a2742b9e7957d5f7824ad04c8c284f1422255024a56acbea6e7660f35e687,configs/doxorubicin_parameters.json,b14b641f69afb70af9ff7557a062c2ce00e0b0cb74381ba69fcfaad4f17f04af,configs/parameter_provenance.csv,86c4261fcb9616a643db79340fe0b7398ba10a5c46464e67e8b697bcfc3a4ec9
vary_mixing_over_reference:0.1,mixture,manifold mixture pD=0.75,0.75,0.7499999999999999,1000000.0,8.0,8e-06,0.1,100000.0,0.1,100000.0,0.1,100000.0,1.0,1000000.0,1.0,1000000.0,0.1,100000.0,2.3842500849692255e-06,3.3083133097620864e-05,3.546738318259009e-05,0.35928069115045136,0.025582104574172138,0.3848627957246235,0.6151017368921647,3.546738318259009e-05,0.9999999999999709,2.90878432451791e-14,constant-generator matrix exponential Pade(13),241,dimensionless populations/per-encounter yields,dimensionless per encounter unless field name gives s^-1 or s,True,"Illustrative one-factor-at-a-time grid; bounds are not measured ranges or probability priors. Results are populations and per-encounter yields, not concentrations or biological fluxes. No encounter yield is converted to molarity, and no continuous biological ROS source is modeled.",vary_mixing_over_reference:0.1,0.1,241,3.546738318259009e-05,05834d40de6e02835a8defabf4dbdc72dfae0463,481a2742b9e7957d5f7824ad04c8c284f1422255024a56acbea6e7660f35e687,configs/doxorubicin_parameters.json,b14b641f69afb70af9ff7557a062c2ce00e0b0cb74381ba69fcfaad4f17f04af,configs/parameter_provenance.csv,86c4261fcb9616a643db79340fe0b7398ba10a5c46464e67e8b697bcfc3a4ec9
vary_mixing_over_reference:10,unpolarized,unpolarized I6/6,,0.33333333333333337,1000000.0,8.0,8e-06,10.0,10000000.0,0.1,100000.0,0.1,100000.0,1.0,1000000.0,1.0,1000000.0,0.1,100000.0,5.126710831234188e-06,3.234161614370966e-05,3.746832697494385e-05,0.21269926058838043,0.052233091863294716,0.2649323524516751,0.7350301792213196,3.746832697494385e-05,0.9999999999999697,3.0309088572266774e-14,constant-generator matrix exponential Pade(13),241,dimensionless populations/per-encounter yields,dimensionless per encounter unless field name gives s^-1 or s,True,"Illustrative one-factor-at-a-time grid; bounds are not measured ranges or probability priors. Results are populations and per-encounter yields, not concentrations or biological fluxes. No encounter yield is converted to molarity, and no continuous biological ROS source is modeled.",vary_mixing_over_reference:10,0.1,241,3.746832697494385e-05,05834d40de6e02835a8defabf4dbdc72dfae0463,481a2742b9e7957d5f7824ad04c8c284f1422255024a56acbea6e7660f35e687,configs/doxorubicin_parameters.json,b14b641f69afb70af9ff7557a062c2ce00e0b0cb74381ba69fcfaad4f17f04af,configs/parameter_provenance.csv,86c4261fcb9616a643db79340fe0b7398ba10a5c46464e67e8b697bcfc3a4ec9
vary_mixing_over_reference:10,doublet,doublet-manifold mixture PD/2,,0.9999999999999999,1000000.0,8.0,8e-06,10.0,10000000.0,0.1,100000.0,0.1,100000.0,1.0,1000000.0,1.0,1000000.0,0.1,100000.0,2.5228633953662582e-06,1.2857269098336302e-05,1.538013249370256e-05,0.33119673325092075,0.030690104851422047,0.3618868381023428,0.6380977817651312,1.538013249370256e-05,0.9999999999999677,3.2307490016592055e-14,constant-generator matrix exponential Pade(13),241,dimensionless populations/per-encounter yields,dimensionless per encounter unless field name gives s^-1 or s,True,"Illustrative one-factor-at-a-time grid; bounds are not measured ranges or probability priors. Results are populations and per-encounter yields, not concentrations or biological fluxes. No encounter yield is converted to molarity, and no continuous biological ROS source is modeled.",vary_mixing_over_reference:10,0.1,241,1.538013249370256e-05,05834d40de6e02835a8defabf4dbdc72dfae0463,481a2742b9e7957d5f7824ad04c8c284f1422255024a56acbea6e7660f35e687,configs/doxorubicin_parameters.json,b14b641f69afb70af9ff7557a062c2ce00e0b0cb74381ba69fcfaad4f17f04af,configs/parameter_provenance.csv,86c4261fcb9616a643db79340fe0b7398ba10a5c46464e67e8b697bcfc3a4ec9
vary_mixing_over_reference:10,quartet,quartet-manifold mixture PQ/4,,-1.008102552748629e-17,1000000.0,8.0,8e-06,10.0,10000000.0,0.1,100000.0,0.1,100000.0,1.0,1000000.0,1.0,1000000.0,0.1,100000.0,6.4286345491681534e-06,4.20837896663964e-05,4.851242421556456e-05,0.15345052425711042,0.06300458536923102,0.21645510962634146,0.7834963779494123,4.851242421556456e-05,0.9999999999999694,3.064215547965432e-14,constant-generator matrix exponential Pade(13),241,dimensionless populations/per-encounter yields,dimensionless per encounter unless field name gives s^-1 or s,True,"Illustrative one-factor-at-a-time grid; bounds are not measured ranges or probability priors. Results are populations and per-encounter yields, not concentrations or biological fluxes. No encounter yield is converted to molarity, and no continuous biological ROS source is modeled.",vary_mixing_over_reference:10,0.1,241,4.851242421556456e-05,05834d40de6e02835a8defabf4dbdc72dfae0463,481a2742b9e7957d5f7824ad04c8c284f1422255024a56acbea6e7660f35e687,configs/doxorubicin_parameters.json,b14b641f69afb70af9ff7557a062c2ce00e0b0cb74381ba69fcfaad4f17f04af,configs/parameter_provenance.csv,86c4261fcb9616a643db79340fe0b7398ba10a5c46464e67e8b697bcfc3a4ec9
vary_mixing_over_reference:10,mixture,manifold mixture pD=0.25,0.25,0.24999999999999994,1000000.0,8.0,8e-06,10.0,10000000.0,0.1,100000.0,0.1,100000.0,1.0,1000000.0,1.0,1000000.0,0.1,100000.0,5.452191760717668e-06,3.4777159524381324e-05,4.022935128509899e-05,0.19788707650556278,0.05492596523977871,0.25281304174534147,0.7471467289033428,4.022935128509899e-05,0.9999999999999694,3.064215547965432e-14,constant-generator matrix exponential Pade(13),241,dimensionless populations/per-encounter yields,dimensionless per encounter unless field name gives s^-1 or s,True,"Illustrative one-factor-at-a-time grid; bounds are not measured ranges or probability priors. Results are populations and per-encounter yields, not concentrations or biological fluxes. No encounter yield is converted to molarity, and no continuous biological ROS source is modeled.",vary_mixing_over_reference:10,0.1,241,4.022935128509899e-05,05834d40de6e02835a8defabf4dbdc72dfae0463,481a2742b9e7957d5f7824ad04c8c284f1422255024a56acbea6e7660f35e687,configs/doxorubicin_parameters.json,b14b641f69afb70af9ff7557a062c2ce00e0b0cb74381ba69fcfaad4f17f04af,configs/parameter_provenance.csv,86c4261fcb9616a643db79340fe0b7398ba10a5c46464e67e8b697bcfc3a4ec9
vary_mixing_over_reference:10,mixture,manifold mixture pD=0.75,0.75,0.7499999999999999,1000000.0,8.0,8e-06,10.0,10000000.0,0.1,100000.0,0.1,100000.0,1.0,1000000.0,1.0,1000000.0,0.1,100000.0,3.499306183816734e-06,2.016389924035132e-05,2.3663205424168053e-05,0.2867601810024676,0.03876872498087438,0.32552890598334194,0.6744474308112044,2.3663205424168053e-05,0.9999999999999705,2.9531932455029164e-14,constant-generator matrix exponential Pade(13),241,dimensionless populations/per-encounter yields,dimensionless per encounter unless field name gives s^-1 or s,True,"Illustrative one-factor-at-a-time grid; bounds are not measured ranges or probability priors. Results are populations and per-encounter yields, not concentrations or biological fluxes. No encounter yield is converted to molarity, and no continuous biological ROS source is modeled.",vary_mixing_over_reference:10,0.1,241,2.3663205424168053e-05,05834d40de6e02835a8defabf4dbdc72dfae0463,481a2742b9e7957d5f7824ad04c8c284f1422255024a56acbea6e7660f35e687,configs/doxorubicin_parameters.json,b14b641f69afb70af9ff7557a062c2ce00e0b0cb74381ba69fcfaad4f17f04af,configs/parameter_provenance.csv,86c4261fcb9616a643db79340fe0b7398ba10a5c46464e67e8b697bcfc3a4ec9
vary_relaxation_over_reference:0,unpolarized,unpolarized I6/6,,0.33333333333333337,1000000.0,8.0,8e-06,1.0,1000000.0,0.0,0.0,0.0,0.0,1.0,1000000.0,1.0,1000000.0,0.1,100000.0,1.6347398328111267e-06,5.494201397720798e-05,5.65767538100191e-05,0.18014571083938632,0.058150181960671975,0.2382958928000583,0.7616475304461003,5.65767538100191e-05,0.9999999999999686,3.141931159689193e-14,constant-generator matrix exponential Pade(13),241,dimensionless populations/per-encounter yields,dimensionless per encounter unless field name gives s^-1 or s,True,"Illustrative one-factor-at-a-time grid; bounds are not measured ranges or probability priors. Results are populations and per-encounter yields, not concentrations or biological fluxes. No encounter yield is converted to molarity, and no continuous biological ROS source is modeled.",vary_relaxation_over_reference:0,0.0,241,5.65767538100191e-05,05834d40de6e02835a8defabf4dbdc72dfae0463,481a2742b9e7957d5f7824ad04c8c284f1422255024a56acbea6e7660f35e687,configs/doxorubicin_parameters.json,b14b641f69afb70af9ff7557a062c2ce00e0b0cb74381ba69fcfaad4f17f04af,configs/parameter_provenance.csv,86c4261fcb9616a643db79340fe0b7398ba10a5c46464e67e8b697bcfc3a4ec9
vary_relaxation_over_reference:0,doublet,doublet-manifold mixture PD/2,,0.9999999999999999,1000000.0,8.0,8e-06,1.0,1000000.0,0.0,0.0,0.0,0.0,1.0,1000000.0,1.0,1000000.0,0.1,100000.0,1.784005722301594e-06,3.1202137761317227e-06,4.904219498433317e-06,0.4505713889005593,0.008986574361759711,0.459557963262319,0.5404371325181475,4.904219498433317e-06,0.9999999999999649,3.5083047578154947e-14,constant-generator matrix exponential Pade(13),241,dimensionless populations/per-encounter yields,dimensionless per encounter unless field name gives s^-1 or s,True,"Illustrative one-factor-at-a-time grid; bounds are not measured ranges or probability priors. Results are populations and per-encounter yields, not concentrations or biological fluxes. No encounter yield is converted to molarity, and no continuous biological ROS source is modeled.",vary_relaxation_over_reference:0,0.0,241,4.904219498433317e-06,05834d40de6e02835a8defabf4dbdc72dfae0463,481a2742b9e7957d5f7824ad04c8c284f1422255024a56acbea6e7660f35e687,configs/doxorubicin_parameters.json,b14b641f69afb70af9ff7557a062c2ce00e0b0cb74381ba69fcfaad4f17f04af,configs/parameter_provenance.csv,86c4261fcb9616a643db79340fe0b7398ba10a5c46464e67e8b697bcfc3a4ec9
vary_relaxation_over_reference:0,quartet,quartet-manifold mixture PQ/4,,-1.008102552748629e-17,1000000.0,8.0,8e-06,1.0,1000000.0,0.0,0.0,0.0,0.0,1.0,1000000.0,1.0,1000000.0,0.1,100000.0,1.5601068880658764e-06,8.085291407774628e-05,8.241302096581216e-05,0.044932871808798826,0.08273198576012851,0.12766485756892734,0.872252729410076,8.241302096581216e-05,0.9999999999999691,3.086420008457935e-14,constant-generator matrix exponential Pade(13),241,dimensionless populations/per-encounter yields,dimensionless per encounter unless field name gives s^-1 or s,True,"Illustrative one-factor-at-a-time grid; bounds are not measured ranges or probability priors. Results are populations and per-encounter yields, not concentrations or biological fluxes. No encounter yield is converted to molarity, and no continuous biological ROS source is modeled.",vary_relaxation_over_reference:0,0.0,241,8.241302096581216e-05,05834d40de6e02835a8defabf4dbdc72dfae0463,481a2742b9e7957d5f7824ad04c8c284f1422255024a56acbea6e7660f35e687,configs/doxorubicin_parameters.json,b14b641f69afb70af9ff7557a062c2ce00e0b0cb74381ba69fcfaad4f17f04af,configs/parameter_provenance.csv,86c4261fcb9616a643db79340fe0b7398ba10a5c46464e67e8b697bcfc3a4ec9
vary_relaxation_over_reference:0,mixture,manifold mixture pD=0.25,0.25,0.24999999999999994,1000000.0,8.0,8e-06,1.0,1000000.0,0.0,0.0,0.0,0.0,1.0,1000000.0,1.0,1000000.0,0.1,100000.0,1.6160815966248107e-06,6.141973900234249e-05,6.303582059896731e-05,0.14634250108173902,0.06429563291053608,0.2106381339922751,0.7892988301870938,6.303582059896731e-05,0.9999999999999679,3.2085445411667024e-14,constant-generator matrix exponential Pade(13),241,dimensionless populations/per-encounter yields,dimensionless per encounter unless field name gives s^-1 or s,True,"Illustrative one-factor-at-a-time grid; bounds are not measured ranges or probability priors. Results are populations and per-encounter yields, not concentrations or biological fluxes. No encounter yield is converted to molarity, and no continuous biological ROS source is modeled.",vary_relaxation_over_reference:0,0.0,241,6.303582059896731e-05,05834d40de6e02835a8defabf4dbdc72dfae0463,481a2742b9e7957d5f7824ad04c8c284f1422255024a56acbea6e7660f35e687,configs/doxorubicin_parameters.json,b14b641f69afb70af9ff7557a062c2ce00e0b0cb74381ba69fcfaad4f17f04af,configs/parameter_provenance.csv,86c4261fcb9616a643db79340fe0b7398ba10a5c46464e67e8b697bcfc3a4ec9
vary_relaxation_over_reference:0,mixture,manifold mixture pD=0.75,0.75,0.7499999999999999,1000000.0,8.0,8e-06,1.0,1000000.0,0.0,0.0,0.0,0.0,1.0,1000000.0,1.0,1000000.0,0.1,100000.0,1.728031013742666e-06,2.2553388851535385e-05,2.428141986527805e-05,0.3491617596276179,0.02742292721135185,0.3765846868389698,0.6233910317411279,2.428141986527805e-05,0.999999999999963,3.697042672001771e-14,constant-generator matrix exponential Pade(13),241,dimensionless populations/per-encounter yields,dimensionless per encounter unless field name gives s^-1 or s,True,"Illustrative one-factor-at-a-time grid; bounds are not measured ranges or probability priors. Results are populations and per-encounter yields, not concentrations or biological fluxes. No encounter yield is converted to molarity, and no continuous biological ROS source is modeled.",vary_relaxation_over_reference:0,0.0,241,2.428141986527805e-05,05834d40de6e02835a8defabf4dbdc72dfae0463,481a2742b9e7957d5f7824ad04c8c284f1422255024a56acbea6e7660f35e687,configs/doxorubicin_parameters.json,b14b641f69afb70af9ff7557a062c2ce00e0b0cb74381ba69fcfaad4f17f04af,configs/parameter_provenance.csv,86c4261fcb9616a643db79340fe0b7398ba10a5c46464e67e8b697bcfc3a4ec9
vary_relaxation_over_reference:1,unpolarized,unpolarized I6/6,,0.33333333333333337,1000000.0,8.0,8e-06,1.0,1000000.0,1.0,1000000.0,1.0,1000000.0,1.0,1000000.0,1.0,1000000.0,0.1,100000.0,5.93682748199944e-06,1.709517493317905e-05,2.3032002415178496e-05,0.20819016457595152,0.053054239895059765,0.26124440447101127,0.7387325635265432,2.3032002415178496e-05,0.9999999999999696,3.042011087472929e-14,constant-generator matrix exponential Pade(13),241,dimensionless populations/per-encounter yields,dimensionless per encounter unless field name gives s^-1 or s,True,"Illustrative one-factor-at-a-time grid; bounds are not measured ranges or probability priors. Results are populations and per-encounter yields, not concentrations or biological fluxes. No encounter yield is converted to molarity, and no continuous biological ROS source is modeled.",vary_relaxation_over_reference:1,1.0,241,2.3032002415178496e-05,05834d40de6e02835a8defabf4dbdc72dfae0463,481a2742b9e7957d5f7824ad04c8c284f1422255024a56acbea6e7660f35e687,configs/doxorubicin_parameters.json,b14b641f69afb70af9ff7557a062c2ce00e0b0cb74381ba69fcfaad4f17f04af,configs/parameter_provenance.csv,86c4261fcb9616a643db79340fe0b7398ba10a5c46464e67e8b697bcfc3a4ec9
vary_relaxation_over_reference:1,doublet,doublet-manifold mixture PD/2,,0.9999999999999999,1000000.0,8.0,8e-06,1.0,1000000.0,1.0,1000000.0,1.0,1000000.0,1.0,1000000.0,1.0,1000000.0,0.1,100000.0,4.590906488255139e-06,1.3219575957743174e-05,1.7810482445998313e-05,0.3477273849076546,0.027684310882020023,0.3754116957896746,0.6245704937278452,1.7810482445998313e-05,0.9999999999999658,3.419486915845482e-14,constant-generator matrix exponential Pade(13),241,dimensionless populations/per-encounter yields,dimensionless per encounter unless field name gives s^-1 or s,True,"Illustrative one-factor-at-a-time grid; bounds are not measured ranges or probability priors. Results are populations and per-encounter yields, not concentrations or biological fluxes. No encounter yield is converted to molarity, and no continuous biological ROS source is modeled.",vary_relaxation_over_reference:1,1.0,241,1.7810482445998313e-05,05834d40de6e02835a8defabf4dbdc72dfae0463,481a2742b9e7957d5f7824ad04c8c284f1422255024a56acbea6e7660f35e687,configs/doxorubicin_parameters.json,b14b641f69afb70af9ff7557a062c2ce00e0b0cb74381ba69fcfaad4f17f04af,configs/parameter_provenance.csv,86c4261fcb9616a643db79340fe0b7398ba10a5c46464e67e8b697bcfc3a4ec9
vary_relaxation_over_reference:1,quartet,quartet-manifold mixture PQ/4,,-1.008102552748629e-17,1000000.0,8.0,8e-06,1.0,1000000.0,1.0,1000000.0,1.0,1000000.0,1.0,1000000.0,1.0,1000000.0,0.1,100000.0,6.6097879788715825e-06,1.903297442089696e-05,2.5642762399768544e-05,0.1384215544101,0.06573920440157964,0.20416075881167967,0.7958135984258942,2.5642762399768544e-05,0.9999999999999737,2.631228568361621e-14,constant-generator matrix exponential Pade(13),241,dimensionless populations/per-encounter yields,dimensionless per encounter unless field name gives s^-1 or s,True,"Illustrative one-factor-at-a-time grid; bounds are not measured ranges or probability priors. Results are populations and per-encounter yields, not concentrations or biological fluxes. No encounter yield is converted to molarity, and no continuous biological ROS source is modeled.",vary_relaxation_over_reference:1,1.0,241,2.5642762399768544e-05,05834d40de6e02835a8defabf4dbdc72dfae0463,481a2742b9e7957d5f7824ad04c8c284f1422255024a56acbea6e7660f35e687,configs/doxorubicin_parameters.json,b14b641f69afb70af9ff7557a062c2ce00e0b0cb74381ba69fcfaad4f17f04af,configs/parameter_provenance.csv,86c4261fcb9616a643db79340fe0b7398ba10a5c46464e67e8b697bcfc3a4ec9
vary_relaxation_over_reference:1,mixture,manifold mixture pD=0.25,0.25,0.24999999999999994,1000000.0,8.0,8e-06,1.0,1000000.0,1.0,1000000.0,1.0,1000000.0,1.0,1000000.0,1.0,1000000.0,0.1,100000.0,6.105067606217472e-06,1.757962480510852e-05,2.3684692411325994e-05,0.19074801203448857,0.05622548102168996,0.24697349305617855,0.7530028222513827,2.3684692411325994e-05,0.9999999999999726,2.7422508708241367e-14,constant-generator matrix exponential Pade(13),241,dimensionless populations/per-encounter yields,dimensionless per encounter unless field name gives s^-1 or s,True,"Illustrative one-factor-at-a-time grid; bounds are not measured ranges or probability priors. Results are populations and per-encounter yields, not concentrations or biological fluxes. No encounter yield is converted to molarity, and no continuous biological ROS source is modeled.",vary_relaxation_over_reference:1,1.0,241,2.3684692411325994e-05,05834d40de6e02835a8defabf4dbdc72dfae0463,481a2742b9e7957d5f7824ad04c8c284f1422255024a56acbea6e7660f35e687,configs/doxorubicin_parameters.json,b14b641f69afb70af9ff7557a062c2ce00e0b0cb74381ba69fcfaad4f17f04af,configs/parameter_provenance.csv,86c4261fcb9616a643db79340fe0b7398ba10a5c46464e67e8b697bcfc3a4ec9
vary_relaxation_over_reference:1,mixture,manifold mixture pD=0.75,0.75,0.7499999999999999,1000000.0,8.0,8e-06,1.0,1000000.0,1.0,1000000.0,1.0,1000000.0,1.0,1000000.0,1.0,1000000.0,0.1,100000.0,5.09562686090926e-06,1.4672925573531651e-05,1.976855243444091e-05,0.2954009272832659,0.03719803426191001,0.3325989615451759,0.6673812699023579,1.976855243444091e-05,0.9999999999999682,3.175237850427948e-14,constant-generator matrix exponential Pade(13),241,dimensionless populations/per-encounter yields,dimensionless per encounter unless field name gives s^-1 or s,True,"Illustrative one-factor-at-a-time grid; bounds are not measured ranges or probability priors. Results are populations and per-encounter yields, not concentrations or biological fluxes. No encounter yield is converted to molarity, and no continuous biological ROS source is modeled.",vary_relaxation_over_reference:1,1.0,241,1.976855243444091e-05,05834d40de6e02835a8defabf4dbdc72dfae0463,481a2742b9e7957d5f7824ad04c8c284f1422255024a56acbea6e7660f35e687,configs/doxorubicin_parameters.json,b14b641f69afb70af9ff7557a062c2ce00e0b0cb74381ba69fcfaad4f17f04af,configs/parameter_provenance.csv,86c4261fcb9616a643db79340fe0b7398ba10a5c46464e67e8b697bcfc3a4ec9
vary_relaxation_over_reference:100,unpolarized,unpolarized I6/6,,0.33333333333333337,1000000.0,8.0,8e-06,1.0,1000000.0,100.0,100000000.0,100.0,100000000.0,1.0,1000000.0,1.0,1000000.0,0.1,100000.0,4.577179179024405e-06,9.1956139816575e-06,1.3772793160681905e-05,0.237535126473297,0.04771963402364947,0.2852547604969465,0.7147314667097916,1.3772793160681905e-05,0.9999999999998989,1.0114131754335176e-13,constant-generator matrix exponential Pade(13),241,dimensionless populations/per-encounter yields,dimensionless per encounter unless field name gives s^-1 or s,True,"Illustrative one-factor-at-a-time grid; bounds are not measured ranges or probability priors. Results are populations and per-encounter yields, not concentrations or biological fluxes. No encounter yield is converted to molarity, and no continuous biological ROS source is modeled.",vary_relaxation_over_reference:100,100.0,241,1.3772793160681905e-05,05834d40de6e02835a8defabf4dbdc72dfae0463,481a2742b9e7957d5f7824ad04c8c284f1422255024a56acbea6e7660f35e687,configs/doxorubicin_parameters.json,b14b641f69afb70af9ff7557a062c2ce00e0b0cb74381ba69fcfaad4f17f04af,configs/parameter_provenance.csv,86c4261fcb9616a643db79340fe0b7398ba10a5c46464e67e8b697bcfc3a4ec9
vary_relaxation_over_reference:100,doublet,doublet-manifold mixture PD/2,,0.9999999999999999,1000000.0,8.0,8e-06,1.0,1000000.0,100.0,100000000.0,100.0,100000000.0,1.0,1000000.0,1.0,1000000.0,0.1,100000.0,4.563468497451224e-06,9.168069039621985e-06,1.3731537537073209e-05,0.24013372344497833,0.04724716559749149,0.28738088904246983,0.7126053794198932,1.3731537537073209e-05,0.9999999999999001,9.992007221626409e-14,constant-generator matrix exponential Pade(13),241,dimensionless populations/per-encounter yields,dimensionless per encounter unless field name gives s^-1 or s,True,"Illustrative one-factor-at-a-time grid; bounds are not measured ranges or probability priors. Results are populations and per-encounter yields, not concentrations or biological fluxes. No encounter yield is converted to molarity, and no continuous biological ROS source is modeled.",vary_relaxation_over_reference:100,100.0,241,1.3731537537073209e-05,05834d40de6e02835a8defabf4dbdc72dfae0463,481a2742b9e7957d5f7824ad04c8c284f1422255024a56acbea6e7660f35e687,configs/doxorubicin_parameters.json,b14b641f69afb70af9ff7557a062c2ce00e0b0cb74381ba69fcfaad4f17f04af,configs/parameter_provenance.csv,86c4261fcb9616a643db79340fe0b7398ba10a5c46464e67e8b697bcfc3a4ec9
vary_relaxation_over_reference:100,quartet,quartet-manifold mixture PQ/4,,-1.008102552748629e-17,1000000.0,8.0,8e-06,1.0,1000000.0,100.0,100000000.0,100.0,100000000.0,1.0,1000000.0,1.0,1000000.0,0.1,100000.0,4.584034519810994e-06,9.209386452675256e-06,1.379342097248625e-05,0.23623582798745668,0.04795586823672842,0.2841916962241851,0.7157945103547416,1.379342097248625e-05,0.9999999999998992,1.0080825063596421e-13,constant-generator matrix exponential Pade(13),241,dimensionless populations/per-encounter yields,dimensionless per encounter unless field name gives s^-1 or s,True,"Illustrative one-factor-at-a-time grid; bounds are not measured ranges or probability priors. Results are populations and per-encounter yields, not concentrations or biological fluxes. No encounter yield is converted to molarity, and no continuous biological ROS source is modeled.",vary_relaxation_over_reference:100,100.0,241,1.379342097248625e-05,05834d40de6e02835a8defabf4dbdc72dfae0463,481a2742b9e7957d5f7824ad04c8c284f1422255024a56acbea6e7660f35e687,configs/doxorubicin_parameters.json,b14b641f69afb70af9ff7557a062c2ce00e0b0cb74381ba69fcfaad4f17f04af,configs/parameter_provenance.csv,86c4261fcb9616a643db79340fe0b7398ba10a5c46464e67e8b697bcfc3a4ec9
vary_relaxation_over_reference:100,mixture,manifold mixture pD=0.25,0.25,0.24999999999999994,1000000.0,8.0,8e-06,1.0,1000000.0,100.0,100000000.0,100.0,100000000.0,1.0,1000000.0,1.0,1000000.0,0.1,100000.0,4.578893014221055e-06,9.199057099411944e-06,1.3777950113632996e-05,0.23721030185183714,0.04777869257691925,0.2849889944287564,0.7149972276210294,1.3777950113632996e-05,0.9999999999998993,1.006972283335017e-13,constant-generator matrix exponential Pade(13),241,dimensionless populations/per-encounter yields,dimensionless per encounter unless field name gives s^-1 or s,True,"Illustrative one-factor-at-a-time grid; bounds are not measured ranges or probability priors. Results are populations and per-encounter yields, not concentrations or biological fluxes. No encounter yield is converted to molarity, and no continuous biological ROS source is modeled.",vary_relaxation_over_reference:100,100.0,241,1.3777950113632996e-05,05834d40de6e02835a8defabf4dbdc72dfae0463,481a2742b9e7957d5f7824ad04c8c284f1422255024a56acbea6e7660f35e687,configs/doxorubicin_parameters.json,b14b641f69afb70af9ff7557a062c2ce00e0b0cb74381ba69fcfaad4f17f04af,configs/parameter_provenance.csv,86c4261fcb9616a643db79340fe0b7398ba10a5c46464e67e8b697bcfc3a4ec9
vary_relaxation_over_reference:100,mixture,manifold mixture pD=0.75,0.75,0.7499999999999999,1000000.0,8.0,8e-06,1.0,1000000.0,100.0,100000000.0,100.0,100000000.0,1.0,1000000.0,1.0,1000000.0,0.1,100000.0,4.568610003041165e-06,9.178398392885299e-06,1.3747008395926463e-05,0.23915924958059734,0.04742434125730066,0.286583590837898,0.7134026621536043,1.3747008395926463e-05,0.9999999999998982,1.0180745135812685e-13,constant-generator matrix exponential Pade(13),241,dimensionless populations/per-encounter yields,dimensionless per encounter unless field name gives s^-1 or s,True,"Illustrative one-factor-at-a-time grid; bounds are not measured ranges or probability priors. Results are populations and per-encounter yields, not concentrations or biological fluxes. No encounter yield is converted to molarity, and no continuous biological ROS source is modeled.",vary_relaxation_over_reference:100,100.0,241,1.3747008395926463e-05,05834d40de6e02835a8defabf4dbdc72dfae0463,481a2742b9e7957d5f7824ad04c8c284f1422255024a56acbea6e7660f35e687,configs/doxorubicin_parameters.json,b14b641f69afb70af9ff7557a062c2ce00e0b0cb74381ba69fcfaad4f17f04af,configs/parameter_provenance.csv,86c4261fcb9616a643db79340fe0b7398ba10a5c46464e67e8b697bcfc3a4ec9
vary_escape_over_reference:0.1,unpolarized,unpolarized I6/6,,0.33333333333333337,1000000.0,8.0,8e-06,1.0,1000000.0,0.1,100000.0,0.1,100000.0,0.1,100000.0,1.0,1000000.0,0.1,100000.0,0.00741164428346448,0.050765074755772334,0.05817671903923682,0.4950362473045233,0.19864170446288953,0.6936779517674128,0.24814532919334112,0.05817671903923682,0.9999999999999907,9.325873406851315e-15,constant-generator matrix exponential Pade(13),241,dimensionless populations/per-encounter yields,dimensionless per encounter unless field name gives s^-1 or s,True,"Illustrative one-factor-at-a-time grid; bounds are not measured ranges or probability priors. Results are populations and per-encounter yields, not concentrations or biological fluxes. No encounter yield is converted to molarity, and no continuous biological ROS source is modeled.",vary_escape_over_reference:0.1,0.1,241,0.05817671903923682,05834d40de6e02835a8defabf4dbdc72dfae0463,481a2742b9e7957d5f7824ad04c8c284f1422255024a56acbea6e7660f35e687,configs/doxorubicin_parameters.json,b14b641f69afb70af9ff7557a062c2ce00e0b0cb74381ba69fcfaad4f17f04af,configs/parameter_provenance.csv,86c4261fcb9616a643db79340fe0b7398ba10a5c46464e67e8b697bcfc3a4ec9
vary_escape_over_reference:0.1,doublet,doublet-manifold mixture PD/2,,0.9999999999999999,1000000.0,8.0,8e-06,1.0,1000000.0,0.1,100000.0,0.1,100000.0,0.1,100000.0,1.0,1000000.0,0.1,100000.0,0.003543566852103325,0.01869136599829015,0.022234932850393477,0.7563814652965264,0.0728727276617042,0.8292541929582306,0.14851087419135545,0.022234932850393477,0.9999999999999795,2.0539125955565396e-14,constant-generator matrix exponential Pade(13),241,dimensionless populations/per-encounter yields,dimensionless per encounter unless field name gives s^-1 or s,True,"Illustrative one-factor-at-a-time grid; bounds are not measured ranges or probability priors. Results are populations and per-encounter yields, not concentrations or biological fluxes. No encounter yield is converted to molarity, and no continuous biological ROS source is modeled.",vary_escape_over_reference:0.1,0.1,241,0.022234932850393477,05834d40de6e02835a8defabf4dbdc72dfae0463,481a2742b9e7957d5f7824ad04c8c284f1422255024a56acbea6e7660f35e687,configs/doxorubicin_parameters.json,b14b641f69afb70af9ff7557a062c2ce00e0b0cb74381ba69fcfaad4f17f04af,configs/parameter_provenance.csv,86c4261fcb9616a643db79340fe0b7398ba10a5c46464e67e8b697bcfc3a4ec9
vary_escape_over_reference:0.1,quartet,quartet-manifold mixture PQ/4,,-1.008102552748629e-17,1000000.0,8.0,8e-06,1.0,1000000.0,0.1,100000.0,0.1,100000.0,0.1,100000.0,1.0,1000000.0,0.1,100000.0,0.009345682999145078,0.06680192913451355,0.07614761213365862,0.36436363830852175,0.2615261928634817,0.6258898311720035,0.29796255669433036,0.07614761213365862,0.9999999999999925,7.549516567451064e-15,constant-generator matrix exponential Pade(13),241,dimensionless populations/per-encounter yields,dimensionless per encounter unless field name gives s^-1 or s,True,"Illustrative one-factor-at-a-time grid; bounds are not measured ranges or probability priors. Results are populations and per-encounter yields, not concentrations or biological fluxes. No encounter yield is converted to molarity, and no continuous biological ROS source is modeled.",vary_escape_over_reference:0.1,0.1,241,0.07614761213365862,05834d40de6e02835a8defabf4dbdc72dfae0463,481a2742b9e7957d5f7824ad04c8c284f1422255024a56acbea6e7660f35e687,configs/doxorubicin_parameters.json,b14b641f69afb70af9ff7557a062c2ce00e0b0cb74381ba69fcfaad4f17f04af,configs/parameter_provenance.csv,86c4261fcb9616a643db79340fe0b7398ba10a5c46464e67e8b697bcfc3a4ec9
vary_escape_over_reference:0.1,mixture,manifold mixture pD=0.25,0.25,0.24999999999999994,1000000.0,8.0,8e-06,1.0,1000000.0,0.1,100000.0,0.1,100000.0,0.1,100000.0,1.0,1000000.0,0.1,100000.0,0.007895153962384637,0.05477428835045772,0.06266944231284236,0.46236809505552384,0.21436282656303762,0.6767309216185615,0.260599636068588,0.06266944231284236,0.9999999999999919,8.104628079763643e-15,constant-generator matrix exponential Pade(13),241,dimensionless populations/per-encounter yields,dimensionless per encounter unless field name gives s^-1 or s,True,"Illustrative one-factor-at-a-time grid; bounds are not measured ranges or probability priors. Results are populations and per-encounter yields, not concentrations or biological fluxes. No encounter yield is converted to molarity, and no continuous biological ROS source is modeled.",vary_escape_over_reference:0.1,0.1,241,0.06266944231284236,05834d40de6e02835a8defabf4dbdc72dfae0463,481a2742b9e7957d5f7824ad04c8c284f1422255024a56acbea6e7660f35e687,configs/doxorubicin_parameters.json,b14b641f69afb70af9ff7557a062c2ce00e0b0cb74381ba69fcfaad4f17f04af,configs/parameter_provenance.csv,86c4261fcb9616a643db79340fe0b7398ba10a5c46464e67e8b697bcfc3a4ec9
vary_escape_over_reference:0.1,mixture,manifold mixture pD=0.75,0.75,0.7499999999999999,1000000.0,8.0,8e-06,1.0,1000000.0,0.1,100000.0,0.1,100000.0,0.1,100000.0,1.0,1000000.0,0.1,100000.0,0.004994095888863755,0.030719006782345987,0.03571310267120974,0.6583770085495285,0.12003609396214879,0.7784131025116773,0.18587379481709962,0.03571310267120974,0.9999999999999867,1.3322676295501878e-14,constant-generator matrix exponential Pade(13),241,dimensionless populations/per-encounter yields,dimensionless per encounter unless field name gives s^-1 or s,True,"Illustrative one-factor-at-a-time grid; bounds are not measured ranges or probability priors. Results are populations and per-encounter yields, not concentrations or biological fluxes. No encounter yield is converted to molarity, and no continuous biological ROS source is modeled.",vary_escape_over_reference:0.1,0.1,241,0.03571310267120974,05834d40de6e02835a8defabf4dbdc72dfae0463,481a2742b9e7957d5f7824ad04c8c284f1422255024a56acbea6e7660f35e687,configs/doxorubicin_parameters.json,b14b641f69afb70af9ff7557a062c2ce00e0b0cb74381ba69fcfaad4f17f04af,configs/parameter_provenance.csv,86c4261fcb9616a643db79340fe0b7398ba10a5c46464e67e8b697bcfc3a4ec9
vary_escape_over_reference:10,unpolarized,unpolarized I6/6,,0.33333333333333337,1000000.0,8.0,8e-06,1.0,1000000.0,0.1,100000.0,0.1,100000.0,10.0,10000000.0,1.0,1000000.0,0.1,100000.0,2.977087510374136e-37,2.0391166148623266e-36,2.3368253658997408e-36,0.030344854704825275,0.006596104933137553,0.03694095963796283,0.9630590403620092,2.3368253658997408e-36,0.999999999999972,2.7977620220553945e-14,constant-generator matrix exponential Pade(13),241,dimensionless populations/per-encounter yields,dimensionless per encounter unless field name gives s^-1 or s,True,"Illustrative one-factor-at-a-time grid; bounds are not measured ranges or probability priors. Results are populations and per-encounter yields, not concentrations or biological fluxes. No encounter yield is converted to molarity, and no continuous biological ROS source is modeled.",vary_escape_over_reference:10,0.1,241,2.3368253658997408e-36,05834d40de6e02835a8defabf4dbdc72dfae0463,481a2742b9e7957d5f7824ad04c8c284f1422255024a56acbea6e7660f35e687,configs/doxorubicin_parameters.json,b14b641f69afb70af9ff7557a062c2ce00e0b0cb74381ba69fcfaad4f17f04af,configs/parameter_provenance.csv,86c4261fcb9616a643db79340fe0b7398ba10a5c46464e67e8b697bcfc3a4ec9
vary_escape_over_reference:10,doublet,doublet-manifold mixture PD/2,,0.9999999999999999,1000000.0,8.0,8e-06,1.0,1000000.0,0.1,100000.0,0.1,100000.0,10.0,10000000.0,1.0,1000000.0,0.1,100000.0,1.4233695269359874e-37,7.507893004186423e-37,8.931262531122412e-37,0.08950100271529617,0.00015335613991791875,0.08965435885521408,0.910345641144756,8.931262531122412e-37,0.9999999999999701,2.986499936241671e-14,constant-generator matrix exponential Pade(13),241,dimensionless populations/per-encounter yields,dimensionless per encounter unless field name gives s^-1 or s,True,"Illustrative one-factor-at-a-time grid; bounds are not measured ranges or probability priors. Results are populations and per-encounter yields, not concentrations or biological fluxes. No encounter yield is converted to molarity, and no continuous biological ROS source is modeled.",vary_escape_over_reference:10,0.1,241,8.931262531122412e-37,05834d40de6e02835a8defabf4dbdc72dfae0463,481a2742b9e7957d5f7824ad04c8c284f1422255024a56acbea6e7660f35e687,configs/doxorubicin_parameters.json,b14b641f69afb70af9ff7557a062c2ce00e0b0cb74381ba69fcfaad4f17f04af,configs/parameter_provenance.csv,86c4261fcb9616a643db79340fe0b7398ba10a5c46464e67e8b697bcfc3a4ec9
vary_escape_over_reference:10,quartet,quartet-manifold mixture PQ/4,,-1.008102552748629e-17,1000000.0,8.0,8e-06,1.0,1000000.0,0.1,100000.0,0.1,100000.0,10.0,10000000.0,1.0,1000000.0,0.1,100000.0,3.7539465020932132e-37,2.6832802720841703e-36,3.058674922293492e-36,0.0007667806995896073,0.009817479329747327,0.010584260029336934,0.9894157399706371,3.058674922293492e-36,0.999999999999974,2.5979218776228663e-14,constant-generator matrix exponential Pade(13),241,dimensionless populations/per-encounter yields,dimensionless per encounter unless field name gives s^-1 or s,True,"Illustrative one-factor-at-a-time grid; bounds are not measured ranges or probability priors. Results are populations and per-encounter yields, not concentrations or biological fluxes. No encounter yield is converted to molarity, and no continuous biological ROS source is modeled.",vary_escape_over_reference:10,0.1,241,3.058674922293492e-36,05834d40de6e02835a8defabf4dbdc72dfae0463,481a2742b9e7957d5f7824ad04c8c284f1422255024a56acbea6e7660f35e687,configs/doxorubicin_parameters.json,b14b641f69afb70af9ff7557a062c2ce00e0b0cb74381ba69fcfaad4f17f04af,configs/parameter_provenance.csv,86c4261fcb9616a643db79340fe0b7398ba10a5c46464e67e8b697bcfc3a4ec9
vary_escape_over_reference:10,mixture,manifold mixture pD=0.25,0.25,0.24999999999999994,1000000.0,8.0,8e-06,1.0,1000000.0,0.1,100000.0,0.1,100000.0,10.0,10000000.0,1.0,1000000.0,0.1,100000.0,3.171302258303906e-37,2.2001575291677885e-36,2.517287754998179e-36,0.022950336203516223,0.007401448532290031,0.030351784735806256,0.9696482152641669,2.517287754998179e-36,0.9999999999999731,2.6867397195928788e-14,constant-generator matrix exponential Pade(13),241,dimensionless populations/per-encounter yields,dimensionless per encounter unless field name gives s^-1 or s,True,"Illustrative one-factor-at-a-time grid; bounds are not measured ranges or probability priors. Results are populations and per-encounter yields, not concentrations or biological fluxes. No encounter yield is converted to molarity, and no continuous biological ROS source is modeled.",vary_escape_over_reference:10,0.1,241,2.517287754998179e-36,05834d40de6e02835a8defabf4dbdc72dfae0463,481a2742b9e7957d5f7824ad04c8c284f1422255024a56acbea6e7660f35e687,configs/doxorubicin_parameters.json,b14b641f69afb70af9ff7557a062c2ce00e0b0cb74381ba69fcfaad4f17f04af,configs/parameter_provenance.csv,86c4261fcb9616a643db79340fe0b7398ba10a5c46464e67e8b697bcfc3a4ec9
vary_escape_over_reference:10,mixture,manifold mixture pD=0.75,0.75,0.7499999999999999,1000000.0,8.0,8e-06,1.0,1000000.0,0.1,100000.0,0.1,100000.0,10.0,10000000.0,1.0,1000000.0,0.1,100000.0,2.006013770725293e-37,1.2339120433350246e-36,1.4345134204075541e-36,0.0673174472113687,0.0025693869373752706,0.06988683414874397,0.9301131658512259,1.4345134204075541e-36,0.9999999999999699,3.008704396734174e-14,constant-generator matrix exponential Pade(13),241,dimensionless populations/per-encounter yields,dimensionless per encounter unless field name gives s^-1 or s,True,"Illustrative one-factor-at-a-time grid; bounds are not measured ranges or probability priors. Results are populations and per-encounter yields, not concentrations or biological fluxes. No encounter yield is converted to molarity, and no continuous biological ROS source is modeled.",vary_escape_over_reference:10,0.1,241,1.4345134204075541e-36,05834d40de6e02835a8defabf4dbdc72dfae0463,481a2742b9e7957d5f7824ad04c8c284f1422255024a56acbea6e7660f35e687,configs/doxorubicin_parameters.json,b14b641f69afb70af9ff7557a062c2ce00e0b0cb74381ba69fcfaad4f17f04af,configs/parameter_provenance.csv,86c4261fcb9616a643db79340fe0b7398ba10a5c46464e67e8b697bcfc3a4ec9
vary_kq_over_kd:0,unpolarized,unpolarized I6/6,,0.33333333333333337,1000000.0,8.0,8e-06,1.0,1000000.0,0.1,100000.0,0.1,100000.0,1.0,1000000.0,1.0,1000000.0,0.0,0.0,1.0797325585332275e-05,8.136985246472213e-05,9.216717805005441e-05,0.1887717171325872,0.0,0.1887717171325872,0.811136115689333,9.216717805005441e-05,0.9999999999999702,2.9753977059954195e-14,constant-generator matrix exponential Pade(13),241,dimensionless populations/per-encounter yields,dimensionless per encounter unless field name gives s^-1 or s,True,"Illustrative one-factor-at-a-time grid; bounds are not measured ranges or probability priors. Results are populations and per-encounter yields, not concentrations or biological fluxes. No encounter yield is converted to molarity, and no continuous biological ROS source is modeled.",vary_kq_over_kd:0,0.1,241,9.216717805005441e-05,05834d40de6e02835a8defabf4dbdc72dfae0463,481a2742b9e7957d5f7824ad04c8c284f1422255024a56acbea6e7660f35e687,configs/doxorubicin_parameters.json,b14b641f69afb70af9ff7557a062c2ce00e0b0cb74381ba69fcfaad4f17f04af,configs/parameter_provenance.csv,86c4261fcb9616a643db79340fe0b7398ba10a5c46464e67e8b697bcfc3a4ec9
vary_kq_over_kd:0,doublet,doublet-manifold mixture PD/2,,0.9999999999999999,1000000.0,8.0,8e-06,1.0,1000000.0,0.1,100000.0,0.1,100000.0,1.0,1000000.0,1.0,1000000.0,0.0,0.0,4.7806773184020145e-06,2.761129943759477e-05,3.2391976755996786e-05,0.4336524566254578,0.0,0.4336524566254578,0.5663151513977515,3.2391976755996786e-05,0.9999999999999653,3.47499806707674e-14,constant-generator matrix exponential Pade(13),241,dimensionless populations/per-encounter yields,dimensionless per encounter unless field name gives s^-1 or s,True,"Illustrative one-factor-at-a-time grid; bounds are not measured ranges or probability priors. Results are populations and per-encounter yields, not concentrations or biological fluxes. No encounter yield is converted to molarity, and no continuous biological ROS source is modeled.",vary_kq_over_kd:0,0.1,241,3.2391976755996786e-05,05834d40de6e02835a8defabf4dbdc72dfae0463,481a2742b9e7957d5f7824ad04c8c284f1422255024a56acbea6e7660f35e687,configs/doxorubicin_parameters.json,b14b641f69afb70af9ff7557a062c2ce00e0b0cb74381ba69fcfaad4f17f04af,configs/parameter_provenance.csv,86c4261fcb9616a643db79340fe0b7398ba10a5c46464e67e8b697bcfc3a4ec9
vary_kq_over_kd:0,quartet,quartet-manifold mixture PQ/4,,-1.008102552748629e-17,1000000.0,8.0,8e-06,1.0,1000000.0,0.1,100000.0,0.1,100000.0,1.0,1000000.0,1.0,1000000.0,0.0,0.0,1.3805649718797403e-05,0.00010824912897828583,0.00012205477869708325,0.0663313473861517,0.0,0.0663313473861517,0.9335465978351236,0.00012205477869708325,0.9999999999999725,2.7533531010703882e-14,constant-generator matrix exponential Pade(13),241,dimensionless populations/per-encounter yields,dimensionless per encounter unless field name gives s^-1 or s,True,"Illustrative one-factor-at-a-time grid; bounds are not measured ranges or probability priors. Results are populations and per-encounter yields, not concentrations or biological fluxes. No encounter yield is converted to molarity, and no continuous biological ROS source is modeled.",vary_kq_over_kd:0,0.1,241,0.00012205477869708325,05834d40de6e02835a8defabf4dbdc72dfae0463,481a2742b9e7957d5f7824ad04c8c284f1422255024a56acbea6e7660f35e687,configs/doxorubicin_parameters.json,b14b641f69afb70af9ff7557a062c2ce00e0b0cb74381ba69fcfaad4f17f04af,configs/parameter_provenance.csv,86c4261fcb9616a643db79340fe0b7398ba10a5c46464e67e8b697bcfc3a4ec9
vary_kq_over_kd:0,mixture,manifold mixture pD=0.25,0.25,0.24999999999999994,1000000.0,8.0,8e-06,1.0,1000000.0,0.1,100000.0,0.1,100000.0,1.0,1000000.0,1.0,1000000.0,0.0,0.0,1.1549406618698548e-05,8.808967159311305e-05,9.96390782118116e-05,0.1581616246959782,0.0,0.1581616246959782,0.8417387362257813,9.96390782118116e-05,0.9999999999999714,2.864375403532904e-14,constant-generator matrix exponential Pade(13),241,dimensionless populations/per-encounter yields,dimensionless per encounter unless field name gives s^-1 or s,True,"Illustrative one-factor-at-a-time grid; bounds are not measured ranges or probability priors. Results are populations and per-encounter yields, not concentrations or biological fluxes. No encounter yield is converted to molarity, and no continuous biological ROS source is modeled.",vary_kq_over_kd:0,0.1,241,9.96390782118116e-05,05834d40de6e02835a8defabf4dbdc72dfae0463,481a2742b9e7957d5f7824ad04c8c284f1422255024a56acbea6e7660f35e687,configs/doxorubicin_parameters.json,b14b641f69afb70af9ff7557a062c2ce00e0b0cb74381ba69fcfaad4f17f04af,configs/parameter_provenance.csv,86c4261fcb9616a643db79340fe0b7398ba10a5c46464e67e8b697bcfc3a4ec9
vary_kq_over_kd:0,mixture,manifold mixture pD=0.75,0.75,0.7499999999999999,1000000.0,8.0,8e-06,1.0,1000000.0,0.1,100000.0,0.1,100000.0,1.0,1000000.0,1.0,1000000.0,0.0,0.0,7.036920418500866e-06,4.7770756822767594e-05,5.480767724126846e-05,0.341822179315631,0.0,0.341822179315631,0.6581230130070936,5.480767724126846e-05,0.999999999999966,3.397282455352979e-14,constant-generator matrix exponential Pade(13),241,dimensionless populations/per-encounter yields,dimensionless per encounter unless field name gives s^-1 or s,True,"Illustrative one-factor-at-a-time grid; bounds are not measured ranges or probability priors. Results are populations and per-encounter yields, not concentrations or biological fluxes. No encounter yield is converted to molarity, and no continuous biological ROS source is modeled.",vary_kq_over_kd:0,0.1,241,5.480767724126846e-05,05834d40de6e02835a8defabf4dbdc72dfae0463,481a2742b9e7957d5f7824ad04c8c284f1422255024a56acbea6e7660f35e687,configs/doxorubicin_parameters.json,b14b641f69afb70af9ff7557a062c2ce00e0b0cb74381ba69fcfaad4f17f04af,configs/parameter_provenance.csv,86c4261fcb9616a643db79340fe0b7398ba10a5c46464e67e8b697bcfc3a4ec9
vary_kq_over_kd:1,unpolarized,unpolarized I6/6,,0.33333333333333337,1000000.0,8.0,8e-06,1.0,1000000.0,0.1,100000.0,0.1,100000.0,1.0,1000000.0,1.0,1000000.0,1.0,1000000.0,3.751172490642044e-08,7.50234498128409e-08,1.1253517471926133e-07,0.16666664791079774,0.3333332958216005,0.4999999437323982,0.4999999437324002,1.1253517471926133e-07,0.9999999999999731,2.6867397195928788e-14,constant-generator matrix exponential Pade(13),241,dimensionless populations/per-encounter yields,dimensionless per encounter unless field name gives s^-1 or s,True,"Illustrative one-factor-at-a-time grid; bounds are not measured ranges or probability priors. Results are populations and per-encounter yields, not concentrations or biological fluxes. No encounter yield is converted to molarity, and no continuous biological ROS source is modeled.",vary_kq_over_kd:1,0.1,241,1.1253517471926133e-07,05834d40de6e02835a8defabf4dbdc72dfae0463,481a2742b9e7957d5f7824ad04c8c284f1422255024a56acbea6e7660f35e687,configs/doxorubicin_parameters.json,b14b641f69afb70af9ff7557a062c2ce00e0b0cb74381ba69fcfaad4f17f04af,configs/parameter_provenance.csv,86c4261fcb9616a643db79340fe0b7398ba10a5c46464e67e8b697bcfc3a4ec9
vary_kq_over_kd:1,doublet,doublet-manifold mixture PD/2,,0.9999999999999999,1000000.0,8.0,8e-06,1.0,1000000.0,0.1,100000.0,0.1,100000.0,1.0,1000000.0,1.0,1000000.0,1.0,1000000.0,4.109145925141427e-08,7.144371546784703e-08,1.125351747192613e-07,0.4351044505643676,0.064895493168032,0.4999999437323996,0.49999994373240014,1.125351747192613e-07,0.9999999999999745,2.55351295663786e-14,constant-generator matrix exponential Pade(13),241,dimensionless populations/per-encounter yields,dimensionless per encounter unless field name gives s^-1 or s,True,"Illustrative one-factor-at-a-time grid; bounds are not measured ranges or probability priors. Results are populations and per-encounter yields, not concentrations or biological fluxes. No encounter yield is converted to molarity, and no continuous biological ROS source is modeled.",vary_kq_over_kd:1,0.1,241,1.125351747192613e-07,05834d40de6e02835a8defabf4dbdc72dfae0463,481a2742b9e7957d5f7824ad04c8c284f1422255024a56acbea6e7660f35e687,configs/doxorubicin_parameters.json,b14b641f69afb70af9ff7557a062c2ce00e0b0cb74381ba69fcfaad4f17f04af,configs/parameter_provenance.csv,86c4261fcb9616a643db79340fe0b7398ba10a5c46464e67e8b697bcfc3a4ec9
vary_kq_over_kd:1,quartet,quartet-manifold mixture PQ/4,,-1.008102552748629e-17,1000000.0,8.0,8e-06,1.0,1000000.0,0.1,100000.0,0.1,100000.0,1.0,1000000.0,1.0,1000000.0,1.0,1000000.0,3.57218577339235e-08,7.68133169853378e-08,1.1253517471926133e-07,0.03244774658401609,0.46755219714838403,0.49999994373240014,0.49999994373240064,1.1253517471926133e-07,0.9999999999999756,2.4424906541753444e-14,constant-generator matrix exponential Pade(13),241,dimensionless populations/per-encounter yields,dimensionless per encounter unless field name gives s^-1 or s,True,"Illustrative one-factor-at-a-time grid; bounds are not measured ranges or probability priors. Results are populations and per-encounter yields, not concentrations or biological fluxes. No encounter yield is converted to molarity, and no continuous biological ROS source is modeled.",vary_kq_over_kd:1,0.1,241,1.1253517471926133e-07,05834d40de6e02835a8defabf4dbdc72dfae0463,481a2742b9e7957d5f7824ad04c8c284f1422255024a56acbea6e7660f35e687,configs/doxorubicin_parameters.json,b14b641f69afb70af9ff7557a062c2ce00e0b0cb74381ba69fcfaad4f17f04af,configs/parameter_provenance.csv,86c4261fcb9616a643db79340fe0b7398ba10a5c46464e67e8b697bcfc3a4ec9
vary_kq_over_kd:1,mixture,manifold mixture pD=0.25,0.25,0.24999999999999994,1000000.0,8.0,8e-06,1.0,1000000.0,0.1,100000.0,0.1,100000.0,1.0,1000000.0,1.0,1000000.0,1.0,1000000.0,3.706425811329619e-08,7.547091660596507e-08,1.1253517471926126e-07,0.13311192257910448,0.3668880211532967,0.4999999437324012,0.4999999437324005,1.1253517471926126e-07,0.9999999999999765,2.353672812205332e-14,constant-generator matrix exponential Pade(13),241,dimensionless populations/per-encounter yields,dimensionless per encounter unless field name gives s^-1 or s,True,"Illustrative one-factor-at-a-time grid; bounds are not measured ranges or probability priors. Results are populations and per-encounter yields, not concentrations or biological fluxes. No encounter yield is converted to molarity, and no continuous biological ROS source is modeled.",vary_kq_over_kd:1,0.1,241,1.1253517471926126e-07,05834d40de6e02835a8defabf4dbdc72dfae0463,481a2742b9e7957d5f7824ad04c8c284f1422255024a56acbea6e7660f35e687,configs/doxorubicin_parameters.json,b14b641f69afb70af9ff7557a062c2ce00e0b0cb74381ba69fcfaad4f17f04af,configs/parameter_provenance.csv,86c4261fcb9616a643db79340fe0b7398ba10a5c46464e67e8b697bcfc3a4ec9
vary_kq_over_kd:1,mixture,manifold mixture pD=0.75,0.75,0.7499999999999999,1000000.0,8.0,8e-06,1.0,1000000.0,0.1,100000.0,0.1,100000.0,1.0,1000000.0,1.0,1000000.0,1.0,1000000.0,3.9749058872041614e-08,7.278611584721977e-08,1.125351747192614e-07,0.3344402745692799,0.16555966916312015,0.49999994373240003,0.49999994373240014,1.125351747192614e-07,0.9999999999999749,2.5091040356528538e-14,constant-generator matrix exponential Pade(13),241,dimensionless populations/per-encounter yields,dimensionless per encounter unless field name gives s^-1 or s,True,"Illustrative one-factor-at-a-time grid; bounds are not measured ranges or probability priors. Results are populations and per-encounter yields, not concentrations or biological fluxes. No encounter yield is converted to molarity, and no continuous biological ROS source is modeled.",vary_kq_over_kd:1,0.1,241,1.125351747192614e-07,05834d40de6e02835a8defabf4dbdc72dfae0463,481a2742b9e7957d5f7824ad04c8c284f1422255024a56acbea6e7660f35e687,configs/doxorubicin_parameters.json,b14b641f69afb70af9ff7557a062c2ce00e0b0cb74381ba69fcfaad4f17f04af,configs/parameter_provenance.csv,86c4261fcb9616a643db79340fe0b7398ba10a5c46464e67e8b697bcfc3a4ec9
vary_kq_over_kd:10,unpolarized,unpolarized I6/6,,0.33333333333333337,1000000.0,8.0,8e-06,1.0,1000000.0,0.1,100000.0,0.1,100000.0,1.0,1000000.0,1.0,1000000.0,10.0,10000000.0,6.3109280356463985e-09,1.6449239359831873e-10,6.475420429244717e-09,0.15440984628603352,0.6283457281386255,0.782755574424659,0.21724441909989475,6.475420429244717e-09,0.9999999999999742,2.5757174171303632e-14,constant-generator matrix exponential Pade(13),241,dimensionless populations/per-encounter yields,dimensionless per encounter unless field name gives s^-1 or s,True,"Illustrative one-factor-at-a-time grid; bounds are not measured ranges or probability priors. Results are populations and per-encounter yields, not concentrations or biological fluxes. No encounter yield is converted to molarity, and no continuous biological ROS source is modeled.",vary_kq_over_kd:10,0.1,241,6.475420429244717e-09,05834d40de6e02835a8defabf4dbdc72dfae0463,481a2742b9e7957d5f7824ad04c8c284f1422255024a56acbea6e7660f35e687,configs/doxorubicin_parameters.json,b14b641f69afb70af9ff7557a062c2ce00e0b0cb74381ba69fcfaad4f17f04af,configs/parameter_provenance.csv,86c4261fcb9616a643db79340fe0b7398ba10a5c46464e67e8b697bcfc3a4ec9
vary_kq_over_kd:10,doublet,doublet-manifold mixture PD/2,,0.9999999999999999,1000000.0,8.0,8e-06,1.0,1000000.0,0.1,100000.0,0.1,100000.0,1.0,1000000.0,1.0,1000000.0,10.0,10000000.0,1.845184252032568e-08,4.809415866135282e-10,1.8932784106939212e-08,0.4550583273746579,0.08171211483443439,0.5367704422090923,0.46322953885809953,1.8932784106939212e-08,0.9999999999999759,2.4091839634365897e-14,constant-generator matrix exponential Pade(13),241,dimensionless populations/per-encounter yields,dimensionless per encounter unless field name gives s^-1 or s,True,"Illustrative one-factor-at-a-time grid; bounds are not measured ranges or probability priors. Results are populations and per-encounter yields, not concentrations or biological fluxes. No encounter yield is converted to molarity, and no continuous biological ROS source is modeled.",vary_kq_over_kd:10,0.1,241,1.8932784106939212e-08,05834d40de6e02835a8defabf4dbdc72dfae0463,481a2742b9e7957d5f7824ad04c8c284f1422255024a56acbea6e7660f35e687,configs/doxorubicin_parameters.json,b14b641f69afb70af9ff7557a062c2ce00e0b0cb74381ba69fcfaad4f17f04af,configs/parameter_provenance.csv,86c4261fcb9616a643db79340fe0b7398ba10a5c46464e67e8b697bcfc3a4ec9
vary_kq_over_kd:10,quartet,quartet-manifold mixture PQ/4,,-1.008102552748629e-17,1000000.0,8.0,8e-06,1.0,1000000.0,0.1,100000.0,0.1,100000.0,1.0,1000000.0,1.0,1000000.0,10.0,10000000.0,2.404707933067657e-10,6.267797090711902e-12,2.467385903974776e-10,0.00408560574172172,0.9016625347907193,0.905748140532441,0.09425185922079286,2.467385903974776e-10,0.9999999999999725,2.7533531010703882e-14,constant-generator matrix exponential Pade(13),241,dimensionless populations/per-encounter yields,dimensionless per encounter unless field name gives s^-1 or s,True,"Illustrative one-factor-at-a-time grid; bounds are not measured ranges or probability priors. Results are populations and per-encounter yields, not concentrations or biological fluxes. No encounter yield is converted to molarity, and no continuous biological ROS source is modeled.",vary_kq_over_kd:10,0.1,241,2.467385903974776e-10,05834d40de6e02835a8defabf4dbdc72dfae0463,481a2742b9e7957d5f7824ad04c8c284f1422255024a56acbea6e7660f35e687,configs/doxorubicin_parameters.json,b14b641f69afb70af9ff7557a062c2ce00e0b0cb74381ba69fcfaad4f17f04af,configs/parameter_provenance.csv,86c4261fcb9616a643db79340fe0b7398ba10a5c46464e67e8b697bcfc3a4ec9
vary_kq_over_kd:10,mixture,manifold mixture pD=0.25,0.25,0.24999999999999994,1000000.0,8.0,8e-06,1.0,1000000.0,0.1,100000.0,0.1,100000.0,1.0,1000000.0,1.0,1000000.0,10.0,10000000.0,4.793313725061492e-09,1.2493624447141728e-10,4.91824996953291e-09,0.11682878614995605,0.6966749298016497,0.8135037159516058,0.18649627913011865,4.91824996953291e-09,0.9999999999999744,2.5646151868841116e-14,constant-generator matrix exponential Pade(13),241,dimensionless populations/per-encounter yields,dimensionless per encounter unless field name gives s^-1 or s,True,"Illustrative one-factor-at-a-time grid; bounds are not measured ranges or probability priors. Results are populations and per-encounter yields, not concentrations or biological fluxes. No encounter yield is converted to molarity, and no continuous biological ROS source is modeled.",vary_kq_over_kd:10,0.1,241,4.91824996953291e-09,05834d40de6e02835a8defabf4dbdc72dfae0463,481a2742b9e7957d5f7824ad04c8c284f1422255024a56acbea6e7660f35e687,configs/doxorubicin_parameters.json,b14b641f69afb70af9ff7557a062c2ce00e0b0cb74381ba69fcfaad4f17f04af,configs/parameter_provenance.csv,86c4261fcb9616a643db79340fe0b7398ba10a5c46464e67e8b697bcfc3a4ec9
vary_kq_over_kd:10,mixture,manifold mixture pD=0.75,0.75,0.7499999999999999,1000000.0,8.0,8e-06,1.0,1000000.0,0.1,100000.0,0.1,100000.0,1.0,1000000.0,1.0,1000000.0,10.0,10000000.0,1.3898999588570964e-08,3.62273139232827e-10,1.4261272727803789e-08,0.3423151469664235,0.28669971982350595,0.6290148667899295,0.3709851189487705,1.4261272727803789e-08,0.9999999999999727,2.731148640577885e-14,constant-generator matrix exponential Pade(13),241,dimensionless populations/per-encounter yields,dimensionless per encounter unless field name gives s^-1 or s,True,"Illustrative one-factor-at-a-time grid; bounds are not measured ranges or probability priors. Results are populations and per-encounter yields, not concentrations or biological fluxes. No encounter yield is converted to molarity, and no continuous biological ROS source is modeled.",vary_kq_over_kd:10,0.1,241,1.4261272727803789e-08,05834d40de6e02835a8defabf4dbdc72dfae0463,481a2742b9e7957d5f7824ad04c8c284f1422255024a56acbea6e7660f35e687,configs/doxorubicin_parameters.json,b14b641f69afb70af9ff7557a062c2ce00e0b0cb74381ba69fcfaad4f17f04af,configs/parameter_provenance.csv,86c4261fcb9616a643db79340fe0b7398ba10a5c46464e67e8b697bcfc3a4ec9
