scenario_id,initial_state,initial_state_definition,p_doublet_requested,p_doublet_initial,reference_rate_s^-1,duration_over_reference,duration_s,mixing_over_reference,local_mixing_proxy_rad_s,radical_relaxation_over_reference,radical_relaxation_s^-1,oxygen_relaxation_over_reference,oxygen_relaxation_s^-1,escape_over_reference,k_escape_s^-1,kd_over_reference,k_doublet_s^-1,kq_over_kd,k_quartet_s^-1,final_doublet_population,final_quartet_population,final_total_survival,doublet_reaction_yield_per_encounter,quartet_reaction_yield_per_encounter,primary_superoxide_yield_per_encounter,escape_yield_per_encounter,unresolved_probability,probability_balance,probability_balance_error,solver,solver_samples,output_class,units,non_predictive,limitations,git_commit,source_fingerprint_sha256,config_path,config_sha256,provenance_path,provenance_sha256
mix_relax_unpolarized,unpolarized,unpolarized I6/6,,0.33333333333333337,1000000.0,8.0,8e-06,0.0,0.0,0.0,0.0,0.0,0.0,1.0,1000000.0,1.0,1000000.0,0.1,100000.0,3.751172490641486e-08,0.00010048871673031773,0.00010052622845522415,0.16666664791080404,0.06059692526817598,0.22726357317898002,0.7726359005925638,0.00010052622845522415,0.9999999999999991,8.881784197001252e-16,constant-generator matrix exponential Pade(13),2,dimensionless populations/per-encounter yields,dimensionless per encounter unless field name gives s^-1 or s,True,"Illustrative one-factor-at-a-time grid; bounds are not measured ranges or probability priors. Results are populations and per-encounter yields, not concentrations or biological fluxes. No encounter yield is converted to molarity, and no continuous biological ROS source is modeled.",1d8208b504af787754e184f77640f85675b5b634,01e64b526ae9ed2d5f192ae14068302e806c1e8b44576f4b4eb4b5f83a8e8039,configs/doxorubicin_parameters.json,b14b641f69afb70af9ff7557a062c2ce00e0b0cb74381ba69fcfaad4f17f04af,configs/parameter_provenance.csv,86c4261fcb9616a643db79340fe0b7398ba10a5c46464e67e8b697bcfc3a4ec9
mix_relax_unpolarized,unpolarized,unpolarized I6/6,,0.33333333333333337,1000000.0,8.0,8e-06,0.0,0.0,0.01,10000.0,0.01,10000.0,1.0,1000000.0,1.0,1000000.0,0.1,100000.0,7.392549984041731e-07,9.603458741457534e-05,9.67738424129795e-05,0.16756367818397006,0.06043416998087689,0.22799784816484694,0.7719053779927391,9.67738424129795e-05,0.999999999999999,9.992007221626409e-16,constant-generator matrix exponential Pade(13),2,dimensionless populations/per-encounter yields,dimensionless per encounter unless field name gives s^-1 or s,True,"Illustrative one-factor-at-a-time grid; bounds are not measured ranges or probability priors. Results are populations and per-encounter yields, not concentrations or biological fluxes. No encounter yield is converted to molarity, and no continuous biological ROS source is modeled.",1d8208b504af787754e184f77640f85675b5b634,01e64b526ae9ed2d5f192ae14068302e806c1e8b44576f4b4eb4b5f83a8e8039,configs/doxorubicin_parameters.json,b14b641f69afb70af9ff7557a062c2ce00e0b0cb74381ba69fcfaad4f17f04af,configs/parameter_provenance.csv,86c4261fcb9616a643db79340fe0b7398ba10a5c46464e67e8b697bcfc3a4ec9
mix_relax_unpolarized,unpolarized,unpolarized I6/6,,0.33333333333333337,1000000.0,8.0,8e-06,0.0,0.0,0.21544346900318834,215443.46900318834,0.21544346900318834,215443.46900318834,1.0,1000000.0,1.0,1000000.0,0.1,100000.0,6.279847042350344e-06,4.7282495577826916e-05,5.356234262017725e-05,0.18203248141654121,0.05780740680220878,0.23983988821875,0.760106549438629,5.356234262017725e-05,0.9999999999999992,7.771561172376096e-16,constant-generator matrix exponential Pade(13),2,dimensionless populations/per-encounter yields,dimensionless per encounter unless field name gives s^-1 or s,True,"Illustrative one-factor-at-a-time grid; bounds are not measured ranges or probability priors. Results are populations and per-encounter yields, not concentrations or biological fluxes. No encounter yield is converted to molarity, and no continuous biological ROS source is modeled.",1d8208b504af787754e184f77640f85675b5b634,01e64b526ae9ed2d5f192ae14068302e806c1e8b44576f4b4eb4b5f83a8e8039,configs/doxorubicin_parameters.json,b14b641f69afb70af9ff7557a062c2ce00e0b0cb74381ba69fcfaad4f17f04af,configs/parameter_provenance.csv,86c4261fcb9616a643db79340fe0b7398ba10a5c46464e67e8b697bcfc3a4ec9
mix_relax_unpolarized,unpolarized,unpolarized I6/6,,0.33333333333333337,1000000.0,8.0,8e-06,0.0,0.0,1.0,1000000.0,1.0,1000000.0,1.0,1000000.0,1.0,1000000.0,0.1,100000.0,6.052901765566515e-06,1.82413128580683e-05,2.4294214623634814e-05,0.20666209579966136,0.053331955835095604,0.259994051634757,0.7399816541506175,2.4294214623634814e-05,0.9999999999999981,1.887379141862766e-15,constant-generator matrix exponential Pade(13),2,dimensionless populations/per-encounter yields,dimensionless per encounter unless field name gives s^-1 or s,True,"Illustrative one-factor-at-a-time grid; bounds are not measured ranges or probability priors. Results are populations and per-encounter yields, not concentrations or biological fluxes. No encounter yield is converted to molarity, and no continuous biological ROS source is modeled.",1d8208b504af787754e184f77640f85675b5b634,01e64b526ae9ed2d5f192ae14068302e806c1e8b44576f4b4eb4b5f83a8e8039,configs/doxorubicin_parameters.json,b14b641f69afb70af9ff7557a062c2ce00e0b0cb74381ba69fcfaad4f17f04af,configs/parameter_provenance.csv,86c4261fcb9616a643db79340fe0b7398ba10a5c46464e67e8b697bcfc3a4ec9
mix_relax_unpolarized,unpolarized,unpolarized I6/6,,0.33333333333333337,1000000.0,8.0,8e-06,0.0,0.0,100.0,100000000.0,100.0,100000000.0,1.0,1000000.0,1.0,1000000.0,0.1,100000.0,4.577179496505501e-06,9.195615307576879e-06,1.3772794804082378e-05,0.2375351173356097,0.047719635684898065,0.28525475302050773,0.7147314741845907,1.3772794804082378e-05,0.9999999999999025,9.747758156208874e-14,constant-generator matrix exponential Pade(13),2,dimensionless populations/per-encounter yields,dimensionless per encounter unless field name gives s^-1 or s,True,"Illustrative one-factor-at-a-time grid; bounds are not measured ranges or probability priors. Results are populations and per-encounter yields, not concentrations or biological fluxes. No encounter yield is converted to molarity, and no continuous biological ROS source is modeled.",1d8208b504af787754e184f77640f85675b5b634,01e64b526ae9ed2d5f192ae14068302e806c1e8b44576f4b4eb4b5f83a8e8039,configs/doxorubicin_parameters.json,b14b641f69afb70af9ff7557a062c2ce00e0b0cb74381ba69fcfaad4f17f04af,configs/parameter_provenance.csv,86c4261fcb9616a643db79340fe0b7398ba10a5c46464e67e8b697bcfc3a4ec9
mix_relax_unpolarized,unpolarized,unpolarized I6/6,,0.33333333333333337,1000000.0,8.0,8e-06,0.01,10000.0,0.0,0.0,0.0,0.0,1.0,1000000.0,1.0,1000000.0,0.1,100000.0,4.2463158950770335e-08,0.00010046496543816436,0.00010050742859711513,0.16666859821329832,0.06059657237680047,0.2272651705900988,0.772634321981303,0.00010050742859711513,0.9999999999999989,1.1102230246251565e-15,constant-generator matrix exponential Pade(13),2,dimensionless populations/per-encounter yields,dimensionless per encounter unless field name gives s^-1 or s,True,"Illustrative one-factor-at-a-time grid; bounds are not measured ranges or probability priors. Results are populations and per-encounter yields, not concentrations or biological fluxes. No encounter yield is converted to molarity, and no continuous biological ROS source is modeled.",1d8208b504af787754e184f77640f85675b5b634,01e64b526ae9ed2d5f192ae14068302e806c1e8b44576f4b4eb4b5f83a8e8039,configs/doxorubicin_parameters.json,b14b641f69afb70af9ff7557a062c2ce00e0b0cb74381ba69fcfaad4f17f04af,configs/parameter_provenance.csv,86c4261fcb9616a643db79340fe0b7398ba10a5c46464e67e8b697bcfc3a4ec9
mix_relax_unpolarized,unpolarized,unpolarized I6/6,,0.33333333333333337,1000000.0,8.0,8e-06,0.01,10000.0,0.01,10000.0,0.01,10000.0,1.0,1000000.0,1.0,1000000.0,0.1,100000.0,7.436548415907768e-07,9.601285847568305e-05,9.675651331727383e-05,0.16756555594945854,0.060433830144342233,0.22799938609380077,0.7719038573928809,9.675651331727383e-05,0.999999999999999,9.992007221626409e-16,constant-generator matrix exponential Pade(13),2,dimensionless populations/per-encounter yields,dimensionless per encounter unless field name gives s^-1 or s,True,"Illustrative one-factor-at-a-time grid; bounds are not measured ranges or probability priors. Results are populations and per-encounter yields, not concentrations or biological fluxes. No encounter yield is converted to molarity, and no continuous biological ROS source is modeled.",1d8208b504af787754e184f77640f85675b5b634,01e64b526ae9ed2d5f192ae14068302e806c1e8b44576f4b4eb4b5f83a8e8039,configs/doxorubicin_parameters.json,b14b641f69afb70af9ff7557a062c2ce00e0b0cb74381ba69fcfaad4f17f04af,configs/parameter_provenance.csv,86c4261fcb9616a643db79340fe0b7398ba10a5c46464e67e8b697bcfc3a4ec9
mix_relax_unpolarized,unpolarized,unpolarized I6/6,,0.33333333333333337,1000000.0,8.0,8e-06,0.01,10000.0,0.21544346900318834,215443.46900318834,0.21544346900318834,215443.46900318834,1.0,1000000.0,1.0,1000000.0,0.1,100000.0,6.280256123159974e-06,4.727812909679705e-05,5.355838521995702e-05,0.18203342332709732,0.05780723590550767,0.239840659232605,0.7601057823821742,5.355838521995702e-05,0.9999999999999991,8.881784197001252e-16,constant-generator matrix exponential Pade(13),2,dimensionless populations/per-encounter yields,dimensionless per encounter unless field name gives s^-1 or s,True,"Illustrative one-factor-at-a-time grid; bounds are not measured ranges or probability priors. Results are populations and per-encounter yields, not concentrations or biological fluxes. No encounter yield is converted to molarity, and no continuous biological ROS source is modeled.",1d8208b504af787754e184f77640f85675b5b634,01e64b526ae9ed2d5f192ae14068302e806c1e8b44576f4b4eb4b5f83a8e8039,configs/doxorubicin_parameters.json,b14b641f69afb70af9ff7557a062c2ce00e0b0cb74381ba69fcfaad4f17f04af,configs/parameter_provenance.csv,86c4261fcb9616a643db79340fe0b7398ba10a5c46464e67e8b697bcfc3a4ec9
mix_relax_unpolarized,unpolarized,unpolarized I6/6,,0.33333333333333337,1000000.0,8.0,8e-06,0.01,10000.0,1.0,1000000.0,1.0,1000000.0,1.0,1000000.0,1.0,1000000.0,0.1,100000.0,6.05288901706482e-06,1.8241174150528413e-05,2.429406316759323e-05,0.20666226106935162,0.053331925799829774,0.2599941868691814,0.7399815190676493,2.429406316759323e-05,0.9999999999999983,1.6653345369377348e-15,constant-generator matrix exponential Pade(13),2,dimensionless populations/per-encounter yields,dimensionless per encounter unless field name gives s^-1 or s,True,"Illustrative one-factor-at-a-time grid; bounds are not measured ranges or probability priors. Results are populations and per-encounter yields, not concentrations or biological fluxes. No encounter yield is converted to molarity, and no continuous biological ROS source is modeled.",1d8208b504af787754e184f77640f85675b5b634,01e64b526ae9ed2d5f192ae14068302e806c1e8b44576f4b4eb4b5f83a8e8039,configs/doxorubicin_parameters.json,b14b641f69afb70af9ff7557a062c2ce00e0b0cb74381ba69fcfaad4f17f04af,configs/parameter_provenance.csv,86c4261fcb9616a643db79340fe0b7398ba10a5c46464e67e8b697bcfc3a4ec9
mix_relax_unpolarized,unpolarized,unpolarized I6/6,,0.33333333333333337,1000000.0,8.0,8e-06,0.01,10000.0,100.0,100000000.0,100.0,100000000.0,1.0,1000000.0,1.0,1000000.0,0.1,100000.0,4.577179496474469e-06,9.19561530744572e-06,1.3772794803920192e-05,0.23753511733652688,0.04771963568473259,0.28525475302125947,0.7147314741838531,1.3772794803920192e-05,0.9999999999999165,8.348877145181177e-14,constant-generator matrix exponential Pade(13),2,dimensionless populations/per-encounter yields,dimensionless per encounter unless field name gives s^-1 or s,True,"Illustrative one-factor-at-a-time grid; bounds are not measured ranges or probability priors. Results are populations and per-encounter yields, not concentrations or biological fluxes. No encounter yield is converted to molarity, and no continuous biological ROS source is modeled.",1d8208b504af787754e184f77640f85675b5b634,01e64b526ae9ed2d5f192ae14068302e806c1e8b44576f4b4eb4b5f83a8e8039,configs/doxorubicin_parameters.json,b14b641f69afb70af9ff7557a062c2ce00e0b0cb74381ba69fcfaad4f17f04af,configs/parameter_provenance.csv,86c4261fcb9616a643db79340fe0b7398ba10a5c46464e67e8b697bcfc3a4ec9
mix_relax_unpolarized,unpolarized,unpolarized I6/6,,0.33333333333333337,1000000.0,8.0,8e-06,0.21544346900318834,215443.46900318834,0.0,0.0,0.0,0.0,1.0,1000000.0,1.0,1000000.0,0.1,100000.0,1.993222649659272e-06,9.050480566388582e-05,9.24980283135451e-05,0.16755374805489232,0.060436364169263714,0.22799011222415602,0.7719173897475295,9.24980283135451e-05,0.9999999999999991,8.881784197001252e-16,constant-generator matrix exponential Pade(13),2,dimensionless populations/per-encounter yields,dimensionless per encounter unless field name gives s^-1 or s,True,"Illustrative one-factor-at-a-time grid; bounds are not measured ranges or probability priors. Results are populations and per-encounter yields, not concentrations or biological fluxes. No encounter yield is converted to molarity, and no continuous biological ROS source is modeled.",1d8208b504af787754e184f77640f85675b5b634,01e64b526ae9ed2d5f192ae14068302e806c1e8b44576f4b4eb4b5f83a8e8039,configs/doxorubicin_parameters.json,b14b641f69afb70af9ff7557a062c2ce00e0b0cb74381ba69fcfaad4f17f04af,configs/parameter_provenance.csv,86c4261fcb9616a643db79340fe0b7398ba10a5c46464e67e8b697bcfc3a4ec9
mix_relax_unpolarized,unpolarized,unpolarized I6/6,,0.33333333333333337,1000000.0,8.0,8e-06,0.21544346900318834,215443.46900318834,0.01,10000.0,0.01,10000.0,1.0,1000000.0,1.0,1000000.0,0.1,100000.0,2.480893853057892e-06,8.687840972834555e-05,8.935930358140343e-05,0.16841821760179596,0.060279473226620514,0.22869769082841646,0.7712129498680014,8.935930358140343e-05,0.9999999999999992,7.771561172376096e-16,constant-generator matrix exponential Pade(13),2,dimensionless populations/per-encounter yields,dimensionless per encounter unless field name gives s^-1 or s,True,"Illustrative one-factor-at-a-time grid; bounds are not measured ranges or probability priors. Results are populations and per-encounter yields, not concentrations or biological fluxes. No encounter yield is converted to molarity, and no continuous biological ROS source is modeled.",1d8208b504af787754e184f77640f85675b5b634,01e64b526ae9ed2d5f192ae14068302e806c1e8b44576f4b4eb4b5f83a8e8039,configs/doxorubicin_parameters.json,b14b641f69afb70af9ff7557a062c2ce00e0b0cb74381ba69fcfaad4f17f04af,configs/parameter_provenance.csv,86c4261fcb9616a643db79340fe0b7398ba10a5c46464e67e8b697bcfc3a4ec9
mix_relax_unpolarized,unpolarized,unpolarized I6/6,,0.33333333333333337,1000000.0,8.0,8e-06,0.21544346900318834,215443.46900318834,0.21544346900318834,215443.46900318834,0.21544346900318834,215443.46900318834,1.0,1000000.0,1.0,1000000.0,0.1,100000.0,6.446976904469764e-06,4.536604282470139e-05,5.181301972917116e-05,0.18246430500262448,0.05772905245227462,0.24019335745489911,0.7597548295253709,5.181301972917116e-05,0.9999999999999991,8.881784197001252e-16,constant-generator matrix exponential Pade(13),2,dimensionless populations/per-encounter yields,dimensionless per encounter unless field name gives s^-1 or s,True,"Illustrative one-factor-at-a-time grid; bounds are not measured ranges or probability priors. Results are populations and per-encounter yields, not concentrations or biological fluxes. No encounter yield is converted to molarity, and no continuous biological ROS source is modeled.",1d8208b504af787754e184f77640f85675b5b634,01e64b526ae9ed2d5f192ae14068302e806c1e8b44576f4b4eb4b5f83a8e8039,configs/doxorubicin_parameters.json,b14b641f69afb70af9ff7557a062c2ce00e0b0cb74381ba69fcfaad4f17f04af,configs/parameter_provenance.csv,86c4261fcb9616a643db79340fe0b7398ba10a5c46464e67e8b697bcfc3a4ec9
mix_relax_unpolarized,unpolarized,unpolarized I6/6,,0.33333333333333337,1000000.0,8.0,8e-06,0.21544346900318834,215443.46900318834,1.0,1000000.0,1.0,1000000.0,1.0,1000000.0,1.0,1000000.0,0.1,100000.0,6.047008220192071e-06,1.817754591670362e-05,2.422455413689569e-05,0.20673851848126445,0.05331806713484838,0.26005658561611283,0.7399191898297481,2.422455413689569e-05,0.9999999999999978,2.220446049250313e-15,constant-generator matrix exponential Pade(13),2,dimensionless populations/per-encounter yields,dimensionless per encounter unless field name gives s^-1 or s,True,"Illustrative one-factor-at-a-time grid; bounds are not measured ranges or probability priors. Results are populations and per-encounter yields, not concentrations or biological fluxes. No encounter yield is converted to molarity, and no continuous biological ROS source is modeled.",1d8208b504af787754e184f77640f85675b5b634,01e64b526ae9ed2d5f192ae14068302e806c1e8b44576f4b4eb4b5f83a8e8039,configs/doxorubicin_parameters.json,b14b641f69afb70af9ff7557a062c2ce00e0b0cb74381ba69fcfaad4f17f04af,configs/parameter_provenance.csv,86c4261fcb9616a643db79340fe0b7398ba10a5c46464e67e8b697bcfc3a4ec9
mix_relax_unpolarized,unpolarized,unpolarized I6/6,,0.33333333333333337,1000000.0,8.0,8e-06,0.21544346900318834,215443.46900318834,100.0,100000000.0,100.0,100000000.0,1.0,1000000.0,1.0,1000000.0,0.1,100000.0,4.577179481768669e-06,9.195615246031057e-06,1.3772794727799728e-05,0.23753511775975217,0.04771963560778765,0.2852547533675398,0.7147314738376288,1.3772794727799728e-05,0.9999999999998964,1.035838081975271e-13,constant-generator matrix exponential Pade(13),2,dimensionless populations/per-encounter yields,dimensionless per encounter unless field name gives s^-1 or s,True,"Illustrative one-factor-at-a-time grid; bounds are not measured ranges or probability priors. Results are populations and per-encounter yields, not concentrations or biological fluxes. No encounter yield is converted to molarity, and no continuous biological ROS source is modeled.",1d8208b504af787754e184f77640f85675b5b634,01e64b526ae9ed2d5f192ae14068302e806c1e8b44576f4b4eb4b5f83a8e8039,configs/doxorubicin_parameters.json,b14b641f69afb70af9ff7557a062c2ce00e0b0cb74381ba69fcfaad4f17f04af,configs/parameter_provenance.csv,86c4261fcb9616a643db79340fe0b7398ba10a5c46464e67e8b697bcfc3a4ec9
mix_relax_unpolarized,unpolarized,unpolarized I6/6,,0.33333333333333337,1000000.0,8.0,8e-06,1.0,1000000.0,0.0,0.0,0.0,0.0,1.0,1000000.0,1.0,1000000.0,0.1,100000.0,1.6347398328111326e-06,5.494201397720929e-05,5.6576753810020435e-05,0.18014571083939,0.058150181960673564,0.23829589280006355,0.7616475304461258,5.6576753810020435e-05,0.9999999999999993,6.661338147750939e-16,constant-generator matrix exponential Pade(13),2,dimensionless populations/per-encounter yields,dimensionless per encounter unless field name gives s^-1 or s,True,"Illustrative one-factor-at-a-time grid; bounds are not measured ranges or probability priors. Results are populations and per-encounter yields, not concentrations or biological fluxes. No encounter yield is converted to molarity, and no continuous biological ROS source is modeled.",1d8208b504af787754e184f77640f85675b5b634,01e64b526ae9ed2d5f192ae14068302e806c1e8b44576f4b4eb4b5f83a8e8039,configs/doxorubicin_parameters.json,b14b641f69afb70af9ff7557a062c2ce00e0b0cb74381ba69fcfaad4f17f04af,configs/parameter_provenance.csv,86c4261fcb9616a643db79340fe0b7398ba10a5c46464e67e8b697bcfc3a4ec9
mix_relax_unpolarized,unpolarized,unpolarized I6/6,,0.33333333333333337,1000000.0,8.0,8e-06,1.0,1000000.0,0.01,10000.0,0.01,10000.0,1.0,1000000.0,1.0,1000000.0,0.1,100000.0,2.3113934912244525e-06,5.2368981616244924e-05,5.4680375107469376e-05,0.1806473013790042,0.058059156078807565,0.23870645745781177,0.7612388621670798,5.4680375107469376e-05,0.999999999999999,9.992007221626409e-16,constant-generator matrix exponential Pade(13),2,dimensionless populations/per-encounter yields,dimensionless per encounter unless field name gives s^-1 or s,True,"Illustrative one-factor-at-a-time grid; bounds are not measured ranges or probability priors. Results are populations and per-encounter yields, not concentrations or biological fluxes. No encounter yield is converted to molarity, and no continuous biological ROS source is modeled.",1d8208b504af787754e184f77640f85675b5b634,01e64b526ae9ed2d5f192ae14068302e806c1e8b44576f4b4eb4b5f83a8e8039,configs/doxorubicin_parameters.json,b14b641f69afb70af9ff7557a062c2ce00e0b0cb74381ba69fcfaad4f17f04af,configs/parameter_provenance.csv,86c4261fcb9616a643db79340fe0b7398ba10a5c46464e67e8b697bcfc3a4ec9
mix_relax_unpolarized,unpolarized,unpolarized I6/6,,0.33333333333333337,1000000.0,8.0,8e-06,1.0,1000000.0,0.21544346900318834,215443.46900318834,0.21544346900318834,215443.46900318834,1.0,1000000.0,1.0,1000000.0,0.1,100000.0,6.50784369524374e-06,3.002378458480322e-05,3.6531628280046966e-05,0.18945437884646513,0.05645951915261709,0.24591389799908223,0.7540495703726362,3.6531628280046966e-05,0.9999999999999986,1.4432899320127035e-15,constant-generator matrix exponential Pade(13),2,dimensionless populations/per-encounter yields,dimensionless per encounter unless field name gives s^-1 or s,True,"Illustrative one-factor-at-a-time grid; bounds are not measured ranges or probability priors. Results are populations and per-encounter yields, not concentrations or biological fluxes. No encounter yield is converted to molarity, and no continuous biological ROS source is modeled.",1d8208b504af787754e184f77640f85675b5b634,01e64b526ae9ed2d5f192ae14068302e806c1e8b44576f4b4eb4b5f83a8e8039,configs/doxorubicin_parameters.json,b14b641f69afb70af9ff7557a062c2ce00e0b0cb74381ba69fcfaad4f17f04af,configs/parameter_provenance.csv,86c4261fcb9616a643db79340fe0b7398ba10a5c46464e67e8b697bcfc3a4ec9
mix_relax_unpolarized,unpolarized,unpolarized I6/6,,0.33333333333333337,1000000.0,8.0,8e-06,1.0,1000000.0,1.0,1000000.0,1.0,1000000.0,1.0,1000000.0,1.0,1000000.0,0.1,100000.0,5.9368274819993275e-06,1.709517493317873e-05,2.3032002415178055e-05,0.20819016457595627,0.05305423989506096,0.2612444044710172,0.7387325635265659,2.3032002415178055e-05,0.9999999999999983,1.6653345369377348e-15,constant-generator matrix exponential Pade(13),2,dimensionless populations/per-encounter yields,dimensionless per encounter unless field name gives s^-1 or s,True,"Illustrative one-factor-at-a-time grid; bounds are not measured ranges or probability priors. Results are populations and per-encounter yields, not concentrations or biological fluxes. No encounter yield is converted to molarity, and no continuous biological ROS source is modeled.",1d8208b504af787754e184f77640f85675b5b634,01e64b526ae9ed2d5f192ae14068302e806c1e8b44576f4b4eb4b5f83a8e8039,configs/doxorubicin_parameters.json,b14b641f69afb70af9ff7557a062c2ce00e0b0cb74381ba69fcfaad4f17f04af,configs/parameter_provenance.csv,86c4261fcb9616a643db79340fe0b7398ba10a5c46464e67e8b697bcfc3a4ec9
mix_relax_unpolarized,unpolarized,unpolarized I6/6,,0.33333333333333337,1000000.0,8.0,8e-06,1.0,1000000.0,100.0,100000000.0,100.0,100000000.0,1.0,1000000.0,1.0,1000000.0,0.1,100000.0,4.57717917902585e-06,9.195613981660402e-06,1.3772793160686254e-05,0.23753512647330338,0.047719634023650565,0.285254760496954,0.714731466709809,1.3772793160686254e-05,0.9999999999999237,7.627232179174825e-14,constant-generator matrix exponential Pade(13),2,dimensionless populations/per-encounter yields,dimensionless per encounter unless field name gives s^-1 or s,True,"Illustrative one-factor-at-a-time grid; bounds are not measured ranges or probability priors. Results are populations and per-encounter yields, not concentrations or biological fluxes. No encounter yield is converted to molarity, and no continuous biological ROS source is modeled.",1d8208b504af787754e184f77640f85675b5b634,01e64b526ae9ed2d5f192ae14068302e806c1e8b44576f4b4eb4b5f83a8e8039,configs/doxorubicin_parameters.json,b14b641f69afb70af9ff7557a062c2ce00e0b0cb74381ba69fcfaad4f17f04af,configs/parameter_provenance.csv,86c4261fcb9616a643db79340fe0b7398ba10a5c46464e67e8b697bcfc3a4ec9
mix_relax_unpolarized,unpolarized,unpolarized I6/6,,0.33333333333333337,1000000.0,8.0,8e-06,100.0,100000000.0,0.0,0.0,0.0,0.0,1.0,1000000.0,1.0,1000000.0,0.1,100000.0,1.7901443283515524e-06,5.342593383374048e-05,5.5216078162092034e-05,0.2100731461703241,0.05270895378010593,0.26278209995043,0.7371626839713836,5.5216078162092034e-05,0.9999999999999757,2.4313884239290928e-14,constant-generator matrix exponential Pade(13),2,dimensionless populations/per-encounter yields,dimensionless per encounter unless field name gives s^-1 or s,True,"Illustrative one-factor-at-a-time grid; bounds are not measured ranges or probability priors. Results are populations and per-encounter yields, not concentrations or biological fluxes. No encounter yield is converted to molarity, and no continuous biological ROS source is modeled.",1d8208b504af787754e184f77640f85675b5b634,01e64b526ae9ed2d5f192ae14068302e806c1e8b44576f4b4eb4b5f83a8e8039,configs/doxorubicin_parameters.json,b14b641f69afb70af9ff7557a062c2ce00e0b0cb74381ba69fcfaad4f17f04af,configs/parameter_provenance.csv,86c4261fcb9616a643db79340fe0b7398ba10a5c46464e67e8b697bcfc3a4ec9
mix_relax_unpolarized,unpolarized,unpolarized I6/6,,0.33333333333333337,1000000.0,8.0,8e-06,100.0,100000000.0,0.01,10000.0,0.01,10000.0,1.0,1000000.0,1.0,1000000.0,0.1,100000.0,2.390865072656784e-06,5.028583648229657e-05,5.267670155495336e-05,0.2104948064707598,0.05263251912335421,0.263127325594114,0.7368199977043021,5.267670155495336e-05,0.999999999999971,2.8976820942716586e-14,constant-generator matrix exponential Pade(13),2,dimensionless populations/per-encounter yields,dimensionless per encounter unless field name gives s^-1 or s,True,"Illustrative one-factor-at-a-time grid; bounds are not measured ranges or probability priors. Results are populations and per-encounter yields, not concentrations or biological fluxes. No encounter yield is converted to molarity, and no continuous biological ROS source is modeled.",1d8208b504af787754e184f77640f85675b5b634,01e64b526ae9ed2d5f192ae14068302e806c1e8b44576f4b4eb4b5f83a8e8039,configs/doxorubicin_parameters.json,b14b641f69afb70af9ff7557a062c2ce00e0b0cb74381ba69fcfaad4f17f04af,configs/parameter_provenance.csv,86c4261fcb9616a643db79340fe0b7398ba10a5c46464e67e8b697bcfc3a4ec9
mix_relax_unpolarized,unpolarized,unpolarized I6/6,,0.33333333333333337,1000000.0,8.0,8e-06,100.0,100000000.0,0.21544346900318834,215443.46900318834,0.21544346900318834,215443.46900318834,1.0,1000000.0,1.0,1000000.0,0.1,100000.0,5.773417529861387e-06,2.252405079233068e-05,2.8297468322192065e-05,0.2169795470996966,0.05145569166656925,0.26843523876626585,0.7315364637653893,2.8297468322192065e-05,0.9999999999999774,2.2648549702353193e-14,constant-generator matrix exponential Pade(13),2,dimensionless populations/per-encounter yields,dimensionless per encounter unless field name gives s^-1 or s,True,"Illustrative one-factor-at-a-time grid; bounds are not measured ranges or probability priors. Results are populations and per-encounter yields, not concentrations or biological fluxes. No encounter yield is converted to molarity, and no continuous biological ROS source is modeled.",1d8208b504af787754e184f77640f85675b5b634,01e64b526ae9ed2d5f192ae14068302e806c1e8b44576f4b4eb4b5f83a8e8039,configs/doxorubicin_parameters.json,b14b641f69afb70af9ff7557a062c2ce00e0b0cb74381ba69fcfaad4f17f04af,configs/parameter_provenance.csv,86c4261fcb9616a643db79340fe0b7398ba10a5c46464e67e8b697bcfc3a4ec9
mix_relax_unpolarized,unpolarized,unpolarized I6/6,,0.33333333333333337,1000000.0,8.0,8e-06,100.0,100000000.0,1.0,1000000.0,1.0,1000000.0,1.0,1000000.0,1.0,1000000.0,0.1,100000.0,5.133216964348818e-06,1.1960274390852683e-05,1.70934913552015e-05,0.22689911773453017,0.04965315191268707,0.27655226964721724,0.723430636861401,1.70934913552015e-05,0.9999999999999734,2.6645352591003757e-14,constant-generator matrix exponential Pade(13),2,dimensionless populations/per-encounter yields,dimensionless per encounter unless field name gives s^-1 or s,True,"Illustrative one-factor-at-a-time grid; bounds are not measured ranges or probability priors. Results are populations and per-encounter yields, not concentrations or biological fluxes. No encounter yield is converted to molarity, and no continuous biological ROS source is modeled.",1d8208b504af787754e184f77640f85675b5b634,01e64b526ae9ed2d5f192ae14068302e806c1e8b44576f4b4eb4b5f83a8e8039,configs/doxorubicin_parameters.json,b14b641f69afb70af9ff7557a062c2ce00e0b0cb74381ba69fcfaad4f17f04af,configs/parameter_provenance.csv,86c4261fcb9616a643db79340fe0b7398ba10a5c46464e67e8b697bcfc3a4ec9
mix_relax_unpolarized,unpolarized,unpolarized I6/6,,0.33333333333333337,1000000.0,8.0,8e-06,100.0,100000000.0,100.0,100000000.0,100.0,100000000.0,1.0,1000000.0,1.0,1000000.0,0.1,100000.0,4.574638065611312e-06,9.185008225918067e-06,1.375964629152938e-05,0.2376084391661269,0.0477063056383058,0.2853147448044327,0.7146714955491849,1.375964629152938e-05,0.9999999999999091,9.092726571680032e-14,constant-generator matrix exponential Pade(13),2,dimensionless populations/per-encounter yields,dimensionless per encounter unless field name gives s^-1 or s,True,"Illustrative one-factor-at-a-time grid; bounds are not measured ranges or probability priors. Results are populations and per-encounter yields, not concentrations or biological fluxes. No encounter yield is converted to molarity, and no continuous biological ROS source is modeled.",1d8208b504af787754e184f77640f85675b5b634,01e64b526ae9ed2d5f192ae14068302e806c1e8b44576f4b4eb4b5f83a8e8039,configs/doxorubicin_parameters.json,b14b641f69afb70af9ff7557a062c2ce00e0b0cb74381ba69fcfaad4f17f04af,configs/parameter_provenance.csv,86c4261fcb9616a643db79340fe0b7398ba10a5c46464e67e8b697bcfc3a4ec9
mix_relax_doublet-manifold_mixture,doublet,doublet-manifold mixture PD/2,,0.9999999999999999,1000000.0,8.0,8e-06,0.0,0.0,0.0,0.0,0.0,0.0,1.0,1000000.0,1.0,1000000.0,0.1,100000.0,1.1253517471926322e-07,-2.035691487493001e-20,1.1253517471924288e-07,0.4999999437324122,-1.3877787807814457e-17,0.4999999437324122,0.4999999437324122,1.1253517471924288e-07,0.9999999999999991,8.881784197001252e-16,constant-generator matrix exponential Pade(13),2,dimensionless populations/per-encounter yields,dimensionless per encounter unless field name gives s^-1 or s,True,"Illustrative one-factor-at-a-time grid; bounds are not measured ranges or probability priors. Results are populations and per-encounter yields, not concentrations or biological fluxes. No encounter yield is converted to molarity, and no continuous biological ROS source is modeled.",1d8208b504af787754e184f77640f85675b5b634,01e64b526ae9ed2d5f192ae14068302e806c1e8b44576f4b4eb4b5f83a8e8039,configs/doxorubicin_parameters.json,b14b641f69afb70af9ff7557a062c2ce00e0b0cb74381ba69fcfaad4f17f04af,configs/parameter_provenance.csv,86c4261fcb9616a643db79340fe0b7398ba10a5c46464e67e8b697bcfc3a4ec9
mix_relax_doublet-manifold_mixture,doublet,doublet-manifold mixture PD/2,,0.9999999999999999,1000000.0,8.0,8e-06,0.0,0.0,0.01,10000.0,0.01,10000.0,1.0,1000000.0,1.0,1000000.0,0.1,100000.0,1.1651883037325017e-07,2.1012461648392687e-06,2.2177649952125192e-06,0.4967084935865584,0.0005982540965351682,0.4973067476830936,0.5026910345519102,2.2177649952125192e-06,0.999999999999999,9.992007221626409e-16,constant-generator matrix exponential Pade(13),2,dimensionless populations/per-encounter yields,dimensionless per encounter unless field name gives s^-1 or s,True,"Illustrative one-factor-at-a-time grid; bounds are not measured ranges or probability priors. Results are populations and per-encounter yields, not concentrations or biological fluxes. No encounter yield is converted to molarity, and no continuous biological ROS source is modeled.",1d8208b504af787754e184f77640f85675b5b634,01e64b526ae9ed2d5f192ae14068302e806c1e8b44576f4b4eb4b5f83a8e8039,configs/doxorubicin_parameters.json,b14b641f69afb70af9ff7557a062c2ce00e0b0cb74381ba69fcfaad4f17f04af,configs/parameter_provenance.csv,86c4261fcb9616a643db79340fe0b7398ba10a5c46464e67e8b697bcfc3a4ec9
mix_relax_doublet-manifold_mixture,doublet,doublet-manifold mixture PD/2,,0.9999999999999999,1000000.0,8.0,8e-06,0.0,0.0,0.21544346900318834,215443.46900318834,0.21544346900318834,215443.46900318834,1.0,1000000.0,1.0,1000000.0,0.1,100000.0,2.2155393332994732e-06,1.6624001793751547e-05,1.883954112705102e-05,0.4436377464269846,0.0102459697822639,0.4538837162092485,0.5460974442496236,1.883954112705102e-05,0.9999999999999991,8.881784197001252e-16,constant-generator matrix exponential Pade(13),2,dimensionless populations/per-encounter yields,dimensionless per encounter unless field name gives s^-1 or s,True,"Illustrative one-factor-at-a-time grid; bounds are not measured ranges or probability priors. Results are populations and per-encounter yields, not concentrations or biological fluxes. No encounter yield is converted to molarity, and no continuous biological ROS source is modeled.",1d8208b504af787754e184f77640f85675b5b634,01e64b526ae9ed2d5f192ae14068302e806c1e8b44576f4b4eb4b5f83a8e8039,configs/doxorubicin_parameters.json,b14b641f69afb70af9ff7557a062c2ce00e0b0cb74381ba69fcfaad4f17f04af,configs/parameter_provenance.csv,86c4261fcb9616a643db79340fe0b7398ba10a5c46464e67e8b697bcfc3a4ec9
mix_relax_doublet-manifold_mixture,doublet,doublet-manifold mixture PD/2,,0.9999999999999999,1000000.0,8.0,8e-06,0.0,0.0,1.0,1000000.0,1.0,1000000.0,1.0,1000000.0,1.0,1000000.0,0.1,100000.0,4.524240125732275e-06,1.3634465170967269e-05,1.8158705296699544e-05,0.35332991683979875,0.026665637055918522,0.37999555389571726,0.6199862873989841,1.8158705296699544e-05,0.999999999999998,1.9984014443252818e-15,constant-generator matrix exponential Pade(13),2,dimensionless populations/per-encounter yields,dimensionless per encounter unless field name gives s^-1 or s,True,"Illustrative one-factor-at-a-time grid; bounds are not measured ranges or probability priors. Results are populations and per-encounter yields, not concentrations or biological fluxes. No encounter yield is converted to molarity, and no continuous biological ROS source is modeled.",1d8208b504af787754e184f77640f85675b5b634,01e64b526ae9ed2d5f192ae14068302e806c1e8b44576f4b4eb4b5f83a8e8039,configs/doxorubicin_parameters.json,b14b641f69afb70af9ff7557a062c2ce00e0b0cb74381ba69fcfaad4f17f04af,configs/parameter_provenance.csv,86c4261fcb9616a643db79340fe0b7398ba10a5c46464e67e8b697bcfc3a4ec9
mix_relax_doublet-manifold_mixture,doublet,doublet-manifold mixture PD/2,,0.9999999999999999,1000000.0,8.0,8e-06,0.0,0.0,100.0,100000000.0,100.0,100000000.0,1.0,1000000.0,1.0,1000000.0,0.1,100000.0,4.563468585988172e-06,9.168069903528334e-06,1.3731538489516503e-05,0.24013375694877848,0.047247159505805075,0.2873809164545835,0.7126053520068295,1.3731538489516503e-05,0.9999999999999025,9.747758156208874e-14,constant-generator matrix exponential Pade(13),2,dimensionless populations/per-encounter yields,dimensionless per encounter unless field name gives s^-1 or s,True,"Illustrative one-factor-at-a-time grid; bounds are not measured ranges or probability priors. Results are populations and per-encounter yields, not concentrations or biological fluxes. No encounter yield is converted to molarity, and no continuous biological ROS source is modeled.",1d8208b504af787754e184f77640f85675b5b634,01e64b526ae9ed2d5f192ae14068302e806c1e8b44576f4b4eb4b5f83a8e8039,configs/doxorubicin_parameters.json,b14b641f69afb70af9ff7557a062c2ce00e0b0cb74381ba69fcfaad4f17f04af,configs/parameter_provenance.csv,86c4261fcb9616a643db79340fe0b7398ba10a5c46464e67e8b697bcfc3a4ec9
mix_relax_doublet-manifold_mixture,doublet,doublet-manifold mixture PD/2,,0.9999999999999999,1000000.0,8.0,8e-06,0.01,10000.0,0.0,0.0,0.0,0.0,1.0,1000000.0,1.0,1000000.0,0.1,100000.0,1.1174644385189337e-07,1.564303300041217e-08,1.2738947685230553e-07,0.49999277611848625,1.3018521408739159e-06,0.4999940779706271,0.5000057946398951,1.2738947685230553e-07,0.9999999999999991,8.881784197001252e-16,constant-generator matrix exponential Pade(13),2,dimensionless populations/per-encounter yields,dimensionless per encounter unless field name gives s^-1 or s,True,"Illustrative one-factor-at-a-time grid; bounds are not measured ranges or probability priors. Results are populations and per-encounter yields, not concentrations or biological fluxes. No encounter yield is converted to molarity, and no continuous biological ROS source is modeled.",1d8208b504af787754e184f77640f85675b5b634,01e64b526ae9ed2d5f192ae14068302e806c1e8b44576f4b4eb4b5f83a8e8039,configs/doxorubicin_parameters.json,b14b641f69afb70af9ff7557a062c2ce00e0b0cb74381ba69fcfaad4f17f04af,configs/parameter_provenance.csv,86c4261fcb9616a643db79340fe0b7398ba10a5c46464e67e8b697bcfc3a4ec9
mix_relax_doublet-manifold_mixture,doublet,doublet-manifold mixture PD/2,,0.9999999999999999,1000000.0,8.0,8e-06,0.01,10000.0,0.01,10000.0,0.01,10000.0,1.0,1000000.0,1.0,1000000.0,0.1,100000.0,1.1602626685407922e-07,2.1149382579182583e-06,2.2309645247723373e-06,0.49670159378029005,0.000599507406808546,0.4973011011870986,0.5026966678483755,2.2309645247723373e-06,0.9999999999999989,1.1102230246251565e-15,constant-generator matrix exponential Pade(13),2,dimensionless populations/per-encounter yields,dimensionless per encounter unless field name gives s^-1 or s,True,"Illustrative one-factor-at-a-time grid; bounds are not measured ranges or probability priors. Results are populations and per-encounter yields, not concentrations or biological fluxes. No encounter yield is converted to molarity, and no continuous biological ROS source is modeled.",1d8208b504af787754e184f77640f85675b5b634,01e64b526ae9ed2d5f192ae14068302e806c1e8b44576f4b4eb4b5f83a8e8039,configs/doxorubicin_parameters.json,b14b641f69afb70af9ff7557a062c2ce00e0b0cb74381ba69fcfaad4f17f04af,configs/parameter_provenance.csv,86c4261fcb9616a643db79340fe0b7398ba10a5c46464e67e8b697bcfc3a4ec9
mix_relax_doublet-manifold_mixture,doublet,doublet-manifold mixture PD/2,,0.9999999999999999,1000000.0,8.0,8e-06,0.01,10000.0,0.21544346900318834,215443.46900318834,0.21544346900318834,215443.46900318834,1.0,1000000.0,1.0,1000000.0,0.1,100000.0,2.215952824269714e-06,1.66248155452102e-05,1.8840768369479915e-05,0.4436342913913427,0.010246597858994896,0.4538808892503376,0.5461002699812918,1.8840768369479915e-05,0.9999999999999989,1.1102230246251565e-15,constant-generator matrix exponential Pade(13),2,dimensionless populations/per-encounter yields,dimensionless per encounter unless field name gives s^-1 or s,True,"Illustrative one-factor-at-a-time grid; bounds are not measured ranges or probability priors. Results are populations and per-encounter yields, not concentrations or biological fluxes. No encounter yield is converted to molarity, and no continuous biological ROS source is modeled.",1d8208b504af787754e184f77640f85675b5b634,01e64b526ae9ed2d5f192ae14068302e806c1e8b44576f4b4eb4b5f83a8e8039,configs/doxorubicin_parameters.json,b14b641f69afb70af9ff7557a062c2ce00e0b0cb74381ba69fcfaad4f17f04af,configs/parameter_provenance.csv,86c4261fcb9616a643db79340fe0b7398ba10a5c46464e67e8b697bcfc3a4ec9
mix_relax_doublet-manifold_mixture,doublet,doublet-manifold mixture PD/2,,0.9999999999999999,1000000.0,8.0,8e-06,0.01,10000.0,1.0,1000000.0,1.0,1000000.0,1.0,1000000.0,1.0,1000000.0,0.1,100000.0,4.524249273074991e-06,1.3634417778119467e-05,1.815866705119446e-05,0.35332931089342967,0.026665747231462512,0.3799950581248922,0.6199867832080549,1.815866705119446e-05,0.9999999999999983,1.6653345369377348e-15,constant-generator matrix exponential Pade(13),2,dimensionless populations/per-encounter yields,dimensionless per encounter unless field name gives s^-1 or s,True,"Illustrative one-factor-at-a-time grid; bounds are not measured ranges or probability priors. Results are populations and per-encounter yields, not concentrations or biological fluxes. No encounter yield is converted to molarity, and no continuous biological ROS source is modeled.",1d8208b504af787754e184f77640f85675b5b634,01e64b526ae9ed2d5f192ae14068302e806c1e8b44576f4b4eb4b5f83a8e8039,configs/doxorubicin_parameters.json,b14b641f69afb70af9ff7557a062c2ce00e0b0cb74381ba69fcfaad4f17f04af,configs/parameter_provenance.csv,86c4261fcb9616a643db79340fe0b7398ba10a5c46464e67e8b697bcfc3a4ec9
mix_relax_doublet-manifold_mixture,doublet,doublet-manifold mixture PD/2,,0.9999999999999999,1000000.0,8.0,8e-06,0.01,10000.0,100.0,100000000.0,100.0,100000000.0,1.0,1000000.0,1.0,1000000.0,0.1,100000.0,4.563468585980032e-06,9.168069903443373e-06,1.3731538489423405e-05,0.24013375694543138,0.04724715950641492,0.28738091645184627,0.7126053520095808,1.3731538489423405e-05,0.9999999999999164,8.359979375427429e-14,constant-generator matrix exponential Pade(13),2,dimensionless populations/per-encounter yields,dimensionless per encounter unless field name gives s^-1 or s,True,"Illustrative one-factor-at-a-time grid; bounds are not measured ranges or probability priors. Results are populations and per-encounter yields, not concentrations or biological fluxes. No encounter yield is converted to molarity, and no continuous biological ROS source is modeled.",1d8208b504af787754e184f77640f85675b5b634,01e64b526ae9ed2d5f192ae14068302e806c1e8b44576f4b4eb4b5f83a8e8039,configs/doxorubicin_parameters.json,b14b641f69afb70af9ff7557a062c2ce00e0b0cb74381ba69fcfaad4f17f04af,configs/parameter_provenance.csv,86c4261fcb9616a643db79340fe0b7398ba10a5c46464e67e8b697bcfc3a4ec9
mix_relax_doublet-manifold_mixture,doublet,doublet-manifold mixture PD/2,,0.9999999999999999,1000000.0,8.0,8e-06,0.21544346900318834,215443.46900318834,0.0,0.0,0.0,0.0,1.0,1000000.0,1.0,1000000.0,0.1,100000.0,4.7375549994465377e-08,5.932292398983354e-06,5.979667948977819e-06,0.4967407241676727,0.0005920519997004124,0.4973327761673731,0.502661244164677,5.979667948977819e-06,0.9999999999999991,8.881784197001252e-16,constant-generator matrix exponential Pade(13),2,dimensionless populations/per-encounter yields,dimensionless per encounter unless field name gives s^-1 or s,True,"Illustrative one-factor-at-a-time grid; bounds are not measured ranges or probability priors. Results are populations and per-encounter yields, not concentrations or biological fluxes. No encounter yield is converted to molarity, and no continuous biological ROS source is modeled.",1d8208b504af787754e184f77640f85675b5b634,01e64b526ae9ed2d5f192ae14068302e806c1e8b44576f4b4eb4b5f83a8e8039,configs/doxorubicin_parameters.json,b14b641f69afb70af9ff7557a062c2ce00e0b0cb74381ba69fcfaad4f17f04af,configs/parameter_provenance.csv,86c4261fcb9616a643db79340fe0b7398ba10a5c46464e67e8b697bcfc3a4ec9
mix_relax_doublet-manifold_mixture,doublet,doublet-manifold mixture PD/2,,0.9999999999999999,1000000.0,8.0,8e-06,0.21544346900318834,215443.46900318834,0.01,10000.0,0.01,10000.0,1.0,1000000.0,1.0,1000000.0,0.1,100000.0,1.3639820784161573e-07,7.306283351332074e-06,7.4426815591736905e-06,0.49356937692501457,0.0011685275880373176,0.4947379045130519,0.5052546528053878,7.4426815591736905e-06,0.9999999999999989,1.1102230246251565e-15,constant-generator matrix exponential Pade(13),2,dimensionless populations/per-encounter yields,dimensionless per encounter unless field name gives s^-1 or s,True,"Illustrative one-factor-at-a-time grid; bounds are not measured ranges or probability priors. Results are populations and per-encounter yields, not concentrations or biological fluxes. No encounter yield is converted to molarity, and no continuous biological ROS source is modeled.",1d8208b504af787754e184f77640f85675b5b634,01e64b526ae9ed2d5f192ae14068302e806c1e8b44576f4b4eb4b5f83a8e8039,configs/doxorubicin_parameters.json,b14b641f69afb70af9ff7557a062c2ce00e0b0cb74381ba69fcfaad4f17f04af,configs/parameter_provenance.csv,86c4261fcb9616a643db79340fe0b7398ba10a5c46464e67e8b697bcfc3a4ec9
mix_relax_doublet-manifold_mixture,doublet,doublet-manifold mixture PD/2,,0.9999999999999999,1000000.0,8.0,8e-06,0.21544346900318834,215443.46900318834,0.21544346900318834,215443.46900318834,0.21544346900318834,215443.46900318834,1.0,1000000.0,1.0,1000000.0,0.1,100000.0,2.403541131312359e-06,1.6937389582096933e-05,1.9340930713409294e-05,0.44205383617847194,0.010533907882940154,0.4525877440614121,0.5473929150078736,1.9340930713409294e-05,0.9999999999999991,8.881784197001252e-16,constant-generator matrix exponential Pade(13),2,dimensionless populations/per-encounter yields,dimensionless per encounter unless field name gives s^-1 or s,True,"Illustrative one-factor-at-a-time grid; bounds are not measured ranges or probability priors. Results are populations and per-encounter yields, not concentrations or biological fluxes. No encounter yield is converted to molarity, and no continuous biological ROS source is modeled.",1d8208b504af787754e184f77640f85675b5b634,01e64b526ae9ed2d5f192ae14068302e806c1e8b44576f4b4eb4b5f83a8e8039,configs/doxorubicin_parameters.json,b14b641f69afb70af9ff7557a062c2ce00e0b0cb74381ba69fcfaad4f17f04af,configs/parameter_provenance.csv,86c4261fcb9616a643db79340fe0b7398ba10a5c46464e67e8b697bcfc3a4ec9
mix_relax_doublet-manifold_mixture,doublet,doublet-manifold mixture PD/2,,0.9999999999999999,1000000.0,8.0,8e-06,0.21544346900318834,215443.46900318834,1.0,1000000.0,1.0,1000000.0,1.0,1000000.0,1.0,1000000.0,0.1,100000.0,4.528418743942884e-06,1.361260591663333e-05,1.814102466057621e-05,0.35304971998573864,0.026716583545805472,0.3797663035315441,0.6202155554437934,1.814102466057621e-05,0.9999999999999981,1.887379141862766e-15,constant-generator matrix exponential Pade(13),2,dimensionless populations/per-encounter yields,dimensionless per encounter unless field name gives s^-1 or s,True,"Illustrative one-factor-at-a-time grid; bounds are not measured ranges or probability priors. Results are populations and per-encounter yields, not concentrations or biological fluxes. No encounter yield is converted to molarity, and no continuous biological ROS source is modeled.",1d8208b504af787754e184f77640f85675b5b634,01e64b526ae9ed2d5f192ae14068302e806c1e8b44576f4b4eb4b5f83a8e8039,configs/doxorubicin_parameters.json,b14b641f69afb70af9ff7557a062c2ce00e0b0cb74381ba69fcfaad4f17f04af,configs/parameter_provenance.csv,86c4261fcb9616a643db79340fe0b7398ba10a5c46464e67e8b697bcfc3a4ec9
mix_relax_doublet-manifold_mixture,doublet,doublet-manifold mixture PD/2,,0.9999999999999999,1000000.0,8.0,8e-06,0.21544346900318834,215443.46900318834,100.0,100000000.0,100.0,100000000.0,1.0,1000000.0,1.0,1000000.0,0.1,100000.0,4.563468581878241e-06,9.16806986342777e-06,1.3731538445306013e-05,0.2401337553936319,0.04724715978856246,0.2873809151821944,0.7126053532792567,1.3731538445306013e-05,0.9999999999998964,1.035838081975271e-13,constant-generator matrix exponential Pade(13),2,dimensionless populations/per-encounter yields,dimensionless per encounter unless field name gives s^-1 or s,True,"Illustrative one-factor-at-a-time grid; bounds are not measured ranges or probability priors. Results are populations and per-encounter yields, not concentrations or biological fluxes. No encounter yield is converted to molarity, and no continuous biological ROS source is modeled.",1d8208b504af787754e184f77640f85675b5b634,01e64b526ae9ed2d5f192ae14068302e806c1e8b44576f4b4eb4b5f83a8e8039,configs/doxorubicin_parameters.json,b14b641f69afb70af9ff7557a062c2ce00e0b0cb74381ba69fcfaad4f17f04af,configs/parameter_provenance.csv,86c4261fcb9616a643db79340fe0b7398ba10a5c46464e67e8b697bcfc3a4ec9
mix_relax_doublet-manifold_mixture,doublet,doublet-manifold mixture PD/2,,0.9999999999999999,1000000.0,8.0,8e-06,1.0,1000000.0,0.0,0.0,0.0,0.0,1.0,1000000.0,1.0,1000000.0,0.1,100000.0,1.7840057223016445e-06,3.120213776131746e-06,4.904219498433391e-06,0.450571388900571,0.008986574361759873,0.4595579632623309,0.5404371325181699,4.904219498433391e-06,0.9999999999999992,7.771561172376096e-16,constant-generator matrix exponential Pade(13),2,dimensionless populations/per-encounter yields,dimensionless per encounter unless field name gives s^-1 or s,True,"Illustrative one-factor-at-a-time grid; bounds are not measured ranges or probability priors. Results are populations and per-encounter yields, not concentrations or biological fluxes. No encounter yield is converted to molarity, and no continuous biological ROS source is modeled.",1d8208b504af787754e184f77640f85675b5b634,01e64b526ae9ed2d5f192ae14068302e806c1e8b44576f4b4eb4b5f83a8e8039,configs/doxorubicin_parameters.json,b14b641f69afb70af9ff7557a062c2ce00e0b0cb74381ba69fcfaad4f17f04af,configs/parameter_provenance.csv,86c4261fcb9616a643db79340fe0b7398ba10a5c46464e67e8b697bcfc3a4ec9
mix_relax_doublet-manifold_mixture,doublet,doublet-manifold mixture PD/2,,0.9999999999999999,1000000.0,8.0,8e-06,1.0,1000000.0,0.01,10000.0,0.01,10000.0,1.0,1000000.0,1.0,1000000.0,0.1,100000.0,1.8001216786880394e-06,5.134058794985306e-06,6.934180473673346e-06,0.4487299680764575,0.009321193606055496,0.458051161682513,0.5419419041370126,6.934180473673346e-06,0.9999999999999992,7.771561172376096e-16,constant-generator matrix exponential Pade(13),2,dimensionless populations/per-encounter yields,dimensionless per encounter unless field name gives s^-1 or s,True,"Illustrative one-factor-at-a-time grid; bounds are not measured ranges or probability priors. Results are populations and per-encounter yields, not concentrations or biological fluxes. No encounter yield is converted to molarity, and no continuous biological ROS source is modeled.",1d8208b504af787754e184f77640f85675b5b634,01e64b526ae9ed2d5f192ae14068302e806c1e8b44576f4b4eb4b5f83a8e8039,configs/doxorubicin_parameters.json,b14b641f69afb70af9ff7557a062c2ce00e0b0cb74381ba69fcfaad4f17f04af,configs/parameter_provenance.csv,86c4261fcb9616a643db79340fe0b7398ba10a5c46464e67e8b697bcfc3a4ec9
mix_relax_doublet-manifold_mixture,doublet,doublet-manifold mixture PD/2,,0.9999999999999999,1000000.0,8.0,8e-06,1.0,1000000.0,0.21544346900318834,215443.46900318834,0.21544346900318834,215443.46900318834,1.0,1000000.0,1.0,1000000.0,0.1,100000.0,3.5773989509626013e-06,1.594613213476862e-05,1.9523531085731222e-05,0.4164233625284199,0.015193977401097535,0.4316173399295174,0.5683631365393955,1.9523531085731222e-05,0.9999999999999986,1.4432899320127035e-15,constant-generator matrix exponential Pade(13),2,dimensionless populations/per-encounter yields,dimensionless per encounter unless field name gives s^-1 or s,True,"Illustrative one-factor-at-a-time grid; bounds are not measured ranges or probability priors. Results are populations and per-encounter yields, not concentrations or biological fluxes. No encounter yield is converted to molarity, and no continuous biological ROS source is modeled.",1d8208b504af787754e184f77640f85675b5b634,01e64b526ae9ed2d5f192ae14068302e806c1e8b44576f4b4eb4b5f83a8e8039,configs/doxorubicin_parameters.json,b14b641f69afb70af9ff7557a062c2ce00e0b0cb74381ba69fcfaad4f17f04af,configs/parameter_provenance.csv,86c4261fcb9616a643db79340fe0b7398ba10a5c46464e67e8b697bcfc3a4ec9
mix_relax_doublet-manifold_mixture,doublet,doublet-manifold mixture PD/2,,0.9999999999999999,1000000.0,8.0,8e-06,1.0,1000000.0,1.0,1000000.0,1.0,1000000.0,1.0,1000000.0,1.0,1000000.0,0.1,100000.0,4.5909064882550545e-06,1.3219575957742931e-05,1.7810482445997987e-05,0.347727384907663,0.02768431088202057,0.37541169578968353,0.6245704937278687,1.7810482445997987e-05,0.9999999999999982,1.7763568394002505e-15,constant-generator matrix exponential Pade(13),2,dimensionless populations/per-encounter yields,dimensionless per encounter unless field name gives s^-1 or s,True,"Illustrative one-factor-at-a-time grid; bounds are not measured ranges or probability priors. Results are populations and per-encounter yields, not concentrations or biological fluxes. No encounter yield is converted to molarity, and no continuous biological ROS source is modeled.",1d8208b504af787754e184f77640f85675b5b634,01e64b526ae9ed2d5f192ae14068302e806c1e8b44576f4b4eb4b5f83a8e8039,configs/doxorubicin_parameters.json,b14b641f69afb70af9ff7557a062c2ce00e0b0cb74381ba69fcfaad4f17f04af,configs/parameter_provenance.csv,86c4261fcb9616a643db79340fe0b7398ba10a5c46464e67e8b697bcfc3a4ec9
mix_relax_doublet-manifold_mixture,doublet,doublet-manifold mixture PD/2,,0.9999999999999999,1000000.0,8.0,8e-06,1.0,1000000.0,100.0,100000000.0,100.0,100000000.0,1.0,1000000.0,1.0,1000000.0,0.1,100000.0,4.563468497452665e-06,9.168069039624882e-06,1.3731537537077549e-05,0.24013372344498385,0.047247165597492605,0.28738088904247644,0.7126053794199099,1.3731537537077549e-05,0.9999999999999234,7.66053886991358e-14,constant-generator matrix exponential Pade(13),2,dimensionless populations/per-encounter yields,dimensionless per encounter unless field name gives s^-1 or s,True,"Illustrative one-factor-at-a-time grid; bounds are not measured ranges or probability priors. Results are populations and per-encounter yields, not concentrations or biological fluxes. No encounter yield is converted to molarity, and no continuous biological ROS source is modeled.",1d8208b504af787754e184f77640f85675b5b634,01e64b526ae9ed2d5f192ae14068302e806c1e8b44576f4b4eb4b5f83a8e8039,configs/doxorubicin_parameters.json,b14b641f69afb70af9ff7557a062c2ce00e0b0cb74381ba69fcfaad4f17f04af,configs/parameter_provenance.csv,86c4261fcb9616a643db79340fe0b7398ba10a5c46464e67e8b697bcfc3a4ec9
mix_relax_doublet-manifold_mixture,doublet,doublet-manifold mixture PD/2,,0.9999999999999999,1000000.0,8.0,8e-06,100.0,100000000.0,0.0,0.0,0.0,0.0,1.0,1000000.0,1.0,1000000.0,0.1,100000.0,1.2474754577900244e-06,4.122957527264635e-06,5.370432985054661e-06,0.34083694133880044,0.028938249717217222,0.36977519105601764,0.6302194385109728,5.370432985054661e-06,0.9999999999999756,2.4424906541753444e-14,constant-generator matrix exponential Pade(13),2,dimensionless populations/per-encounter yields,dimensionless per encounter unless field name gives s^-1 or s,True,"Illustrative one-factor-at-a-time grid; bounds are not measured ranges or probability priors. Results are populations and per-encounter yields, not concentrations or biological fluxes. No encounter yield is converted to molarity, and no continuous biological ROS source is modeled.",1d8208b504af787754e184f77640f85675b5b634,01e64b526ae9ed2d5f192ae14068302e806c1e8b44576f4b4eb4b5f83a8e8039,configs/doxorubicin_parameters.json,b14b641f69afb70af9ff7557a062c2ce00e0b0cb74381ba69fcfaad4f17f04af,configs/parameter_provenance.csv,86c4261fcb9616a643db79340fe0b7398ba10a5c46464e67e8b697bcfc3a4ec9
mix_relax_doublet-manifold_mixture,doublet,doublet-manifold mixture PD/2,,0.9999999999999999,1000000.0,8.0,8e-06,100.0,100000000.0,0.01,10000.0,0.01,10000.0,1.0,1000000.0,1.0,1000000.0,0.1,100000.0,1.2774541138245761e-06,5.895141104145785e-06,7.172595217970361e-06,0.3392888511680509,0.029219556824422847,0.36850840799247375,0.6314844194122795,7.172595217970361e-06,0.9999999999999712,2.8754776337791554e-14,constant-generator matrix exponential Pade(13),2,dimensionless populations/per-encounter yields,dimensionless per encounter unless field name gives s^-1 or s,True,"Illustrative one-factor-at-a-time grid; bounds are not measured ranges or probability priors. Results are populations and per-encounter yields, not concentrations or biological fluxes. No encounter yield is converted to molarity, and no continuous biological ROS source is modeled.",1d8208b504af787754e184f77640f85675b5b634,01e64b526ae9ed2d5f192ae14068302e806c1e8b44576f4b4eb4b5f83a8e8039,configs/doxorubicin_parameters.json,b14b641f69afb70af9ff7557a062c2ce00e0b0cb74381ba69fcfaad4f17f04af,configs/parameter_provenance.csv,86c4261fcb9616a643db79340fe0b7398ba10a5c46464e67e8b697bcfc3a4ec9
mix_relax_doublet-manifold_mixture,doublet,doublet-manifold mixture PD/2,,0.9999999999999999,1000000.0,8.0,8e-06,100.0,100000000.0,0.21544346900318834,215443.46900318834,0.21544346900318834,215443.46900318834,1.0,1000000.0,1.0,1000000.0,0.1,100000.0,3.589947306925411e-06,1.3730305282658743e-05,1.7320252589584157e-05,0.3155001936870977,0.03354384476119922,0.3490440384482969,0.6509386412990901,1.7320252589584157e-05,0.9999999999999766,2.3425705819590803e-14,constant-generator matrix exponential Pade(13),2,dimensionless populations/per-encounter yields,dimensionless per encounter unless field name gives s^-1 or s,True,"Illustrative one-factor-at-a-time grid; bounds are not measured ranges or probability priors. Results are populations and per-encounter yields, not concentrations or biological fluxes. No encounter yield is converted to molarity, and no continuous biological ROS source is modeled.",1d8208b504af787754e184f77640f85675b5b634,01e64b526ae9ed2d5f192ae14068302e806c1e8b44576f4b4eb4b5f83a8e8039,configs/doxorubicin_parameters.json,b14b641f69afb70af9ff7557a062c2ce00e0b0cb74381ba69fcfaad4f17f04af,configs/parameter_provenance.csv,86c4261fcb9616a643db79340fe0b7398ba10a5c46464e67e8b697bcfc3a4ec9
mix_relax_doublet-manifold_mixture,doublet,doublet-manifold mixture PD/2,,0.9999999999999999,1000000.0,8.0,8e-06,100.0,100000000.0,1.0,1000000.0,1.0,1000000.0,1.0,1000000.0,1.0,1000000.0,0.1,100000.0,4.624552805587805e-06,1.0775098087458648e-05,1.5399650893046454e-05,0.2791305686945895,0.04015667845090007,0.3192872471454896,0.6806973532035903,1.5399650893046454e-05,0.9999999999999729,2.708944180085382e-14,constant-generator matrix exponential Pade(13),2,dimensionless populations/per-encounter yields,dimensionless per encounter unless field name gives s^-1 or s,True,"Illustrative one-factor-at-a-time grid; bounds are not measured ranges or probability priors. Results are populations and per-encounter yields, not concentrations or biological fluxes. No encounter yield is converted to molarity, and no continuous biological ROS source is modeled.",1d8208b504af787754e184f77640f85675b5b634,01e64b526ae9ed2d5f192ae14068302e806c1e8b44576f4b4eb4b5f83a8e8039,configs/doxorubicin_parameters.json,b14b641f69afb70af9ff7557a062c2ce00e0b0cb74381ba69fcfaad4f17f04af,configs/parameter_provenance.csv,86c4261fcb9616a643db79340fe0b7398ba10a5c46464e67e8b697bcfc3a4ec9
mix_relax_doublet-manifold_mixture,doublet,doublet-manifold mixture PD/2,,0.9999999999999999,1000000.0,8.0,8e-06,100.0,100000000.0,100.0,100000000.0,100.0,100000000.0,1.0,1000000.0,1.0,1000000.0,0.1,100000.0,4.562758297985422e-06,9.161155898848512e-06,1.3723914196833934e-05,0.239864918708326,0.04729603987900549,0.2871609585873315,0.7128253174983809,1.3723914196833934e-05,0.9999999999999092,9.08162434143378e-14,constant-generator matrix exponential Pade(13),2,dimensionless populations/per-encounter yields,dimensionless per encounter unless field name gives s^-1 or s,True,"Illustrative one-factor-at-a-time grid; bounds are not measured ranges or probability priors. Results are populations and per-encounter yields, not concentrations or biological fluxes. No encounter yield is converted to molarity, and no continuous biological ROS source is modeled.",1d8208b504af787754e184f77640f85675b5b634,01e64b526ae9ed2d5f192ae14068302e806c1e8b44576f4b4eb4b5f83a8e8039,configs/doxorubicin_parameters.json,b14b641f69afb70af9ff7557a062c2ce00e0b0cb74381ba69fcfaad4f17f04af,configs/parameter_provenance.csv,86c4261fcb9616a643db79340fe0b7398ba10a5c46464e67e8b697bcfc3a4ec9
mix_relax_quartet-manifold_mixture,quartet,quartet-manifold mixture PQ/4,,-1.008102552748629e-17,1000000.0,8.0,8e-06,0.0,0.0,0.0,0.0,0.0,0.0,1.0,1000000.0,1.0,1000000.0,0.1,100000.0,-1.0164395367051604e-20,0.0001507330750954766,0.0001507330750954766,1.0408340855860843e-17,0.09089538790226397,0.09089538790226398,0.9089538790226398,0.0001507330750954766,0.9999999999999992,7.771561172376096e-16,constant-generator matrix exponential Pade(13),2,dimensionless populations/per-encounter yields,dimensionless per encounter unless field name gives s^-1 or s,True,"Illustrative one-factor-at-a-time grid; bounds are not measured ranges or probability priors. Results are populations and per-encounter yields, not concentrations or biological fluxes. No encounter yield is converted to molarity, and no continuous biological ROS source is modeled.",1d8208b504af787754e184f77640f85675b5b634,01e64b526ae9ed2d5f192ae14068302e806c1e8b44576f4b4eb4b5f83a8e8039,configs/doxorubicin_parameters.json,b14b641f69afb70af9ff7557a062c2ce00e0b0cb74381ba69fcfaad4f17f04af,configs/parameter_provenance.csv,86c4261fcb9616a643db79340fe0b7398ba10a5c46464e67e8b697bcfc3a4ec9
mix_relax_quartet-manifold_mixture,quartet,quartet-manifold mixture PQ/4,,-1.008102552748629e-17,1000000.0,8.0,8e-06,0.0,0.0,0.01,10000.0,0.01,10000.0,1.0,1000000.0,1.0,1000000.0,0.1,100000.0,1.050623082419634e-06,0.00014300125803944335,0.000144051881121863,0.002991270482675879,0.09035212792304773,0.0933433984057236,0.9065125497131535,0.000144051881121863,0.999999999999999,9.992007221626409e-16,constant-generator matrix exponential Pade(13),2,dimensionless populations/per-encounter yields,dimensionless per encounter unless field name gives s^-1 or s,True,"Illustrative one-factor-at-a-time grid; bounds are not measured ranges or probability priors. Results are populations and per-encounter yields, not concentrations or biological fluxes. No encounter yield is converted to molarity, and no continuous biological ROS source is modeled.",1d8208b504af787754e184f77640f85675b5b634,01e64b526ae9ed2d5f192ae14068302e806c1e8b44576f4b4eb4b5f83a8e8039,configs/doxorubicin_parameters.json,b14b641f69afb70af9ff7557a062c2ce00e0b0cb74381ba69fcfaad4f17f04af,configs/parameter_provenance.csv,86c4261fcb9616a643db79340fe0b7398ba10a5c46464e67e8b697bcfc3a4ec9
mix_relax_quartet-manifold_mixture,quartet,quartet-manifold mixture PQ/4,,-1.008102552748629e-17,1000000.0,8.0,8e-06,0.0,0.0,0.21544346900318834,215443.46900318834,0.21544346900318834,215443.46900318834,1.0,1000000.0,1.0,1000000.0,0.1,100000.0,8.31200089687578e-06,6.26117424698646e-05,7.092374336674038e-05,0.05122984891131953,0.08158812531218122,0.13281797422350075,0.8671111020331317,7.092374336674038e-05,0.9999999999999991,8.881784197001252e-16,constant-generator matrix exponential Pade(13),2,dimensionless populations/per-encounter yields,dimensionless per encounter unless field name gives s^-1 or s,True,"Illustrative one-factor-at-a-time grid; bounds are not measured ranges or probability priors. Results are populations and per-encounter yields, not concentrations or biological fluxes. No encounter yield is converted to molarity, and no continuous biological ROS source is modeled.",1d8208b504af787754e184f77640f85675b5b634,01e64b526ae9ed2d5f192ae14068302e806c1e8b44576f4b4eb4b5f83a8e8039,configs/doxorubicin_parameters.json,b14b641f69afb70af9ff7557a062c2ce00e0b0cb74381ba69fcfaad4f17f04af,configs/parameter_provenance.csv,86c4261fcb9616a643db79340fe0b7398ba10a5c46464e67e8b697bcfc3a4ec9
mix_relax_quartet-manifold_mixture,quartet,quartet-manifold mixture PQ/4,,-1.008102552748629e-17,1000000.0,8.0,8e-06,0.0,0.0,1.0,1000000.0,1.0,1000000.0,1.0,1000000.0,1.0,1000000.0,0.1,100000.0,6.817232585483634e-06,2.0544736701618815e-05,2.736196928710245e-05,0.13332818527959267,0.06666511522468414,0.19999330050427683,0.7999793375264344,2.736196928710245e-05,0.9999999999999983,1.6653345369377348e-15,constant-generator matrix exponential Pade(13),2,dimensionless populations/per-encounter yields,dimensionless per encounter unless field name gives s^-1 or s,True,"Illustrative one-factor-at-a-time grid; bounds are not measured ranges or probability priors. Results are populations and per-encounter yields, not concentrations or biological fluxes. No encounter yield is converted to molarity, and no continuous biological ROS source is modeled.",1d8208b504af787754e184f77640f85675b5b634,01e64b526ae9ed2d5f192ae14068302e806c1e8b44576f4b4eb4b5f83a8e8039,configs/doxorubicin_parameters.json,b14b641f69afb70af9ff7557a062c2ce00e0b0cb74381ba69fcfaad4f17f04af,configs/parameter_provenance.csv,86c4261fcb9616a643db79340fe0b7398ba10a5c46464e67e8b697bcfc3a4ec9
mix_relax_quartet-manifold_mixture,quartet,quartet-manifold mixture PQ/4,,-1.008102552748629e-17,1000000.0,8.0,8e-06,0.0,0.0,100.0,100000000.0,100.0,100000000.0,1.0,1000000.0,1.0,1000000.0,0.1,100000.0,4.584034951764166e-06,9.20938800960115e-06,1.3793422961365318e-05,0.23623579752902535,0.04795587377444456,0.2841916713034699,0.7157945352734713,1.3793422961365318e-05,0.9999999999999025,9.747758156208874e-14,constant-generator matrix exponential Pade(13),2,dimensionless populations/per-encounter yields,dimensionless per encounter unless field name gives s^-1 or s,True,"Illustrative one-factor-at-a-time grid; bounds are not measured ranges or probability priors. Results are populations and per-encounter yields, not concentrations or biological fluxes. No encounter yield is converted to molarity, and no continuous biological ROS source is modeled.",1d8208b504af787754e184f77640f85675b5b634,01e64b526ae9ed2d5f192ae14068302e806c1e8b44576f4b4eb4b5f83a8e8039,configs/doxorubicin_parameters.json,b14b641f69afb70af9ff7557a062c2ce00e0b0cb74381ba69fcfaad4f17f04af,configs/parameter_provenance.csv,86c4261fcb9616a643db79340fe0b7398ba10a5c46464e67e8b697bcfc3a4ec9
mix_relax_quartet-manifold_mixture,quartet,quartet-manifold mixture PQ/4,,-1.008102552748629e-17,1000000.0,8.0,8e-06,0.01,10000.0,0.0,0.0,0.0,0.0,1.0,1000000.0,1.0,1000000.0,0.1,100000.0,7.821516500200769e-09,0.0001506896266407463,0.0001506974481572465,6.509260704400804e-06,0.09089420763913028,0.09090071689983469,0.9089485856520072,0.0001506974481572465,0.9999999999999991,8.881784197001252e-16,constant-generator matrix exponential Pade(13),2,dimensionless populations/per-encounter yields,dimensionless per encounter unless field name gives s^-1 or s,True,"Illustrative one-factor-at-a-time grid; bounds are not measured ranges or probability priors. Results are populations and per-encounter yields, not concentrations or biological fluxes. No encounter yield is converted to molarity, and no continuous biological ROS source is modeled.",1d8208b504af787754e184f77640f85675b5b634,01e64b526ae9ed2d5f192ae14068302e806c1e8b44576f4b4eb4b5f83a8e8039,configs/doxorubicin_parameters.json,b14b641f69afb70af9ff7557a062c2ce00e0b0cb74381ba69fcfaad4f17f04af,configs/parameter_provenance.csv,86c4261fcb9616a643db79340fe0b7398ba10a5c46464e67e8b697bcfc3a4ec9
mix_relax_quartet-manifold_mixture,quartet,quartet-manifold mixture PQ/4,,-1.008102552748629e-17,1000000.0,8.0,8e-06,0.01,10000.0,0.01,10000.0,0.01,10000.0,1.0,1000000.0,1.0,1000000.0,0.1,100000.0,1.0574691289591279e-06,0.00014296181858456546,0.00014401928771352456,0.002997537034042791,0.09035099151310907,0.09334852854715187,0.9065074521651335,0.00014401928771352456,0.9999999999999989,1.1102230246251565e-15,constant-generator matrix exponential Pade(13),2,dimensionless populations/per-encounter yields,dimensionless per encounter unless field name gives s^-1 or s,True,"Illustrative one-factor-at-a-time grid; bounds are not measured ranges or probability priors. Results are populations and per-encounter yields, not concentrations or biological fluxes. No encounter yield is converted to molarity, and no continuous biological ROS source is modeled.",1d8208b504af787754e184f77640f85675b5b634,01e64b526ae9ed2d5f192ae14068302e806c1e8b44576f4b4eb4b5f83a8e8039,configs/doxorubicin_parameters.json,b14b641f69afb70af9ff7557a062c2ce00e0b0cb74381ba69fcfaad4f17f04af,configs/parameter_provenance.csv,86c4261fcb9616a643db79340fe0b7398ba10a5c46464e67e8b697bcfc3a4ec9
mix_relax_quartet-manifold_mixture,quartet,quartet-manifold mixture PQ/4,,-1.008102552748629e-17,1000000.0,8.0,8e-06,0.01,10000.0,0.21544346900318834,215443.46900318834,0.21544346900318834,215443.46900318834,1.0,1000000.0,1.0,1000000.0,0.1,100000.0,8.312407772605105e-06,6.260478587259047e-05,7.091719364519558e-05,0.05123298929497463,0.08158755492876406,0.13282054422373868,0.8671085385826154,7.091719364519558e-05,0.9999999999999992,7.771561172376096e-16,constant-generator matrix exponential Pade(13),2,dimensionless populations/per-encounter yields,dimensionless per encounter unless field name gives s^-1 or s,True,"Illustrative one-factor-at-a-time grid; bounds are not measured ranges or probability priors. Results are populations and per-encounter yields, not concentrations or biological fluxes. No encounter yield is converted to molarity, and no continuous biological ROS source is modeled.",1d8208b504af787754e184f77640f85675b5b634,01e64b526ae9ed2d5f192ae14068302e806c1e8b44576f4b4eb4b5f83a8e8039,configs/doxorubicin_parameters.json,b14b641f69afb70af9ff7557a062c2ce00e0b0cb74381ba69fcfaad4f17f04af,configs/parameter_provenance.csv,86c4261fcb9616a643db79340fe0b7398ba10a5c46464e67e8b697bcfc3a4ec9
mix_relax_quartet-manifold_mixture,quartet,quartet-manifold mixture PQ/4,,-1.008102552748629e-17,1000000.0,8.0,8e-06,0.01,10000.0,1.0,1000000.0,1.0,1000000.0,1.0,1000000.0,1.0,1000000.0,0.1,100000.0,6.817208889059734e-06,2.0544552336732888e-05,2.736176122579262e-05,0.13332873615731258,0.06666501508401342,0.199993751241326,0.7999788869974467,2.736176122579262e-05,0.9999999999999984,1.5543122344752192e-15,constant-generator matrix exponential Pade(13),2,dimensionless populations/per-encounter yields,dimensionless per encounter unless field name gives s^-1 or s,True,"Illustrative one-factor-at-a-time grid; bounds are not measured ranges or probability priors. Results are populations and per-encounter yields, not concentrations or biological fluxes. No encounter yield is converted to molarity, and no continuous biological ROS source is modeled.",1d8208b504af787754e184f77640f85675b5b634,01e64b526ae9ed2d5f192ae14068302e806c1e8b44576f4b4eb4b5f83a8e8039,configs/doxorubicin_parameters.json,b14b641f69afb70af9ff7557a062c2ce00e0b0cb74381ba69fcfaad4f17f04af,configs/parameter_provenance.csv,86c4261fcb9616a643db79340fe0b7398ba10a5c46464e67e8b697bcfc3a4ec9
mix_relax_quartet-manifold_mixture,quartet,quartet-manifold mixture PQ/4,,-1.008102552748629e-17,1000000.0,8.0,8e-06,0.01,10000.0,100.0,100000000.0,100.0,100000000.0,1.0,1000000.0,1.0,1000000.0,0.1,100000.0,4.584034951721686e-06,9.209388009446897e-06,1.3793422961168583e-05,0.23623579753207463,0.04795587377389144,0.28419167130596606,0.7157945352709894,1.3793422961168583e-05,0.9999999999999165,8.348877145181177e-14,constant-generator matrix exponential Pade(13),2,dimensionless populations/per-encounter yields,dimensionless per encounter unless field name gives s^-1 or s,True,"Illustrative one-factor-at-a-time grid; bounds are not measured ranges or probability priors. Results are populations and per-encounter yields, not concentrations or biological fluxes. No encounter yield is converted to molarity, and no continuous biological ROS source is modeled.",1d8208b504af787754e184f77640f85675b5b634,01e64b526ae9ed2d5f192ae14068302e806c1e8b44576f4b4eb4b5f83a8e8039,configs/doxorubicin_parameters.json,b14b641f69afb70af9ff7557a062c2ce00e0b0cb74381ba69fcfaad4f17f04af,configs/parameter_provenance.csv,86c4261fcb9616a643db79340fe0b7398ba10a5c46464e67e8b697bcfc3a4ec9
mix_relax_quartet-manifold_mixture,quartet,quartet-manifold mixture PQ/4,,-1.008102552748629e-17,1000000.0,8.0,8e-06,0.21544346900318834,215443.46900318834,0.0,0.0,0.0,0.0,1.0,1000000.0,1.0,1000000.0,0.1,100000.0,2.966146199491673e-06,0.00013279106229633706,0.00013575720849582872,0.0029602599985021454,0.09035852025404537,0.09331878025254751,0.9065454625389558,0.00013575720849582872,0.9999999999999991,8.881784197001252e-16,constant-generator matrix exponential Pade(13),2,dimensionless populations/per-encounter yields,dimensionless per encounter unless field name gives s^-1 or s,True,"Illustrative one-factor-at-a-time grid; bounds are not measured ranges or probability priors. Results are populations and per-encounter yields, not concentrations or biological fluxes. No encounter yield is converted to molarity, and no continuous biological ROS source is modeled.",1d8208b504af787754e184f77640f85675b5b634,01e64b526ae9ed2d5f192ae14068302e806c1e8b44576f4b4eb4b5f83a8e8039,configs/doxorubicin_parameters.json,b14b641f69afb70af9ff7557a062c2ce00e0b0cb74381ba69fcfaad4f17f04af,configs/parameter_provenance.csv,86c4261fcb9616a643db79340fe0b7398ba10a5c46464e67e8b697bcfc3a4ec9
mix_relax_quartet-manifold_mixture,quartet,quartet-manifold mixture PQ/4,,-1.008102552748629e-17,1000000.0,8.0,8e-06,0.21544346900318834,215443.46900318834,0.01,10000.0,0.01,10000.0,1.0,1000000.0,1.0,1000000.0,0.1,100000.0,3.6531416756660274e-06,0.0001266644729168523,0.0001303176145925183,0.005842637940186621,0.08983494604591212,0.09567758398609874,0.904192098399308,0.0001303176145925183,0.9999999999999992,7.771561172376096e-16,constant-generator matrix exponential Pade(13),2,dimensionless populations/per-encounter yields,dimensionless per encounter unless field name gives s^-1 or s,True,"Illustrative one-factor-at-a-time grid; bounds are not measured ranges or probability priors. Results are populations and per-encounter yields, not concentrations or biological fluxes. No encounter yield is converted to molarity, and no continuous biological ROS source is modeled.",1d8208b504af787754e184f77640f85675b5b634,01e64b526ae9ed2d5f192ae14068302e806c1e8b44576f4b4eb4b5f83a8e8039,configs/doxorubicin_parameters.json,b14b641f69afb70af9ff7557a062c2ce00e0b0cb74381ba69fcfaad4f17f04af,configs/parameter_provenance.csv,86c4261fcb9616a643db79340fe0b7398ba10a5c46464e67e8b697bcfc3a4ec9
mix_relax_quartet-manifold_mixture,quartet,quartet-manifold mixture PQ/4,,-1.008102552748629e-17,1000000.0,8.0,8e-06,0.21544346900318834,215443.46900318834,0.21544346900318834,215443.46900318834,0.21544346900318834,215443.46900318834,1.0,1000000.0,1.0,1000000.0,0.1,100000.0,8.468694791048465e-06,5.958036944600361e-05,6.804906423705208e-05,0.05266953941470074,0.08132662473694187,0.13399616415164262,0.8659357867841195,6.804906423705208e-05,0.9999999999999992,7.771561172376096e-16,constant-generator matrix exponential Pade(13),2,dimensionless populations/per-encounter yields,dimensionless per encounter unless field name gives s^-1 or s,True,"Illustrative one-factor-at-a-time grid; bounds are not measured ranges or probability priors. Results are populations and per-encounter yields, not concentrations or biological fluxes. No encounter yield is converted to molarity, and no continuous biological ROS source is modeled.",1d8208b504af787754e184f77640f85675b5b634,01e64b526ae9ed2d5f192ae14068302e806c1e8b44576f4b4eb4b5f83a8e8039,configs/doxorubicin_parameters.json,b14b641f69afb70af9ff7557a062c2ce00e0b0cb74381ba69fcfaad4f17f04af,configs/parameter_provenance.csv,86c4261fcb9616a643db79340fe0b7398ba10a5c46464e67e8b697bcfc3a4ec9
mix_relax_quartet-manifold_mixture,quartet,quartet-manifold mixture PQ/4,,-1.008102552748629e-17,1000000.0,8.0,8e-06,0.21544346900318834,215443.46900318834,1.0,1000000.0,1.0,1000000.0,1.0,1000000.0,1.0,1000000.0,0.1,100000.0,6.806302958316664e-06,2.0460015916738763e-05,2.726631887505543e-05,0.13358291772902736,0.06661880892936983,0.2002017266583972,0.7997710070227257,2.726631887505543e-05,0.999999999999998,1.9984014443252818e-15,constant-generator matrix exponential Pade(13),2,dimensionless populations/per-encounter yields,dimensionless per encounter unless field name gives s^-1 or s,True,"Illustrative one-factor-at-a-time grid; bounds are not measured ranges or probability priors. Results are populations and per-encounter yields, not concentrations or biological fluxes. No encounter yield is converted to molarity, and no continuous biological ROS source is modeled.",1d8208b504af787754e184f77640f85675b5b634,01e64b526ae9ed2d5f192ae14068302e806c1e8b44576f4b4eb4b5f83a8e8039,configs/doxorubicin_parameters.json,b14b641f69afb70af9ff7557a062c2ce00e0b0cb74381ba69fcfaad4f17f04af,configs/parameter_provenance.csv,86c4261fcb9616a643db79340fe0b7398ba10a5c46464e67e8b697bcfc3a4ec9
mix_relax_quartet-manifold_mixture,quartet,quartet-manifold mixture PQ/4,,-1.008102552748629e-17,1000000.0,8.0,8e-06,0.21544346900318834,215443.46900318834,100.0,100000000.0,100.0,100000000.0,1.0,1000000.0,1.0,1000000.0,0.1,100000.0,4.584034931713885e-06,9.209387937332702e-06,1.3793422869046586e-05,0.23623579894281235,0.04795587351740023,0.2841916724602126,0.7157945341168149,1.3793422869046586e-05,0.9999999999998965,1.0347278589506459e-13,constant-generator matrix exponential Pade(13),2,dimensionless populations/per-encounter yields,dimensionless per encounter unless field name gives s^-1 or s,True,"Illustrative one-factor-at-a-time grid; bounds are not measured ranges or probability priors. Results are populations and per-encounter yields, not concentrations or biological fluxes. No encounter yield is converted to molarity, and no continuous biological ROS source is modeled.",1d8208b504af787754e184f77640f85675b5b634,01e64b526ae9ed2d5f192ae14068302e806c1e8b44576f4b4eb4b5f83a8e8039,configs/doxorubicin_parameters.json,b14b641f69afb70af9ff7557a062c2ce00e0b0cb74381ba69fcfaad4f17f04af,configs/parameter_provenance.csv,86c4261fcb9616a643db79340fe0b7398ba10a5c46464e67e8b697bcfc3a4ec9
mix_relax_quartet-manifold_mixture,quartet,quartet-manifold mixture PQ/4,,-1.008102552748629e-17,1000000.0,8.0,8e-06,1.0,1000000.0,0.0,0.0,0.0,0.0,1.0,1000000.0,1.0,1000000.0,0.1,100000.0,1.560106888065878e-06,8.085291407774807e-05,8.241302096581395e-05,0.04493287180879948,0.08273198576013041,0.1276648575689299,0.8722527294101038,8.241302096581395e-05,0.9999999999999994,5.551115123125783e-16,constant-generator matrix exponential Pade(13),2,dimensionless populations/per-encounter yields,dimensionless per encounter unless field name gives s^-1 or s,True,"Illustrative one-factor-at-a-time grid; bounds are not measured ranges or probability priors. Results are populations and per-encounter yields, not concentrations or biological fluxes. No encounter yield is converted to molarity, and no continuous biological ROS source is modeled.",1d8208b504af787754e184f77640f85675b5b634,01e64b526ae9ed2d5f192ae14068302e806c1e8b44576f4b4eb4b5f83a8e8039,configs/doxorubicin_parameters.json,b14b641f69afb70af9ff7557a062c2ce00e0b0cb74381ba69fcfaad4f17f04af,configs/parameter_provenance.csv,86c4261fcb9616a643db79340fe0b7398ba10a5c46464e67e8b697bcfc3a4ec9
mix_relax_quartet-manifold_mixture,quartet,quartet-manifold mixture PQ/4,,-1.008102552748629e-17,1000000.0,8.0,8e-06,1.0,1000000.0,0.01,10000.0,0.01,10000.0,1.0,1000000.0,1.0,1000000.0,0.1,100000.0,2.567029397492657e-06,7.598644302687475e-05,7.85534724243674e-05,0.046605968030277556,0.08242813731518361,0.12903410534546117,0.8708873411821135,7.85534724243674e-05,0.9999999999999991,8.881784197001252e-16,constant-generator matrix exponential Pade(13),2,dimensionless populations/per-encounter yields,dimensionless per encounter unless field name gives s^-1 or s,True,"Illustrative one-factor-at-a-time grid; bounds are not measured ranges or probability priors. Results are populations and per-encounter yields, not concentrations or biological fluxes. No encounter yield is converted to molarity, and no continuous biological ROS source is modeled.",1d8208b504af787754e184f77640f85675b5b634,01e64b526ae9ed2d5f192ae14068302e806c1e8b44576f4b4eb4b5f83a8e8039,configs/doxorubicin_parameters.json,b14b641f69afb70af9ff7557a062c2ce00e0b0cb74381ba69fcfaad4f17f04af,configs/parameter_provenance.csv,86c4261fcb9616a643db79340fe0b7398ba10a5c46464e67e8b697bcfc3a4ec9
mix_relax_quartet-manifold_mixture,quartet,quartet-manifold mixture PQ/4,,-1.008102552748629e-17,1000000.0,8.0,8e-06,1.0,1000000.0,0.21544346900318834,215443.46900318834,0.21544346900318834,215443.46900318834,1.0,1000000.0,1.0,1000000.0,0.1,100000.0,7.97306606738431e-06,3.7062610809820534e-05,4.5035676877204844e-05,0.07596988700548775,0.07709229002837688,0.15306217703386463,0.8468927872892567,4.5035676877204844e-05,0.9999999999999984,1.5543122344752192e-15,constant-generator matrix exponential Pade(13),2,dimensionless populations/per-encounter yields,dimensionless per encounter unless field name gives s^-1 or s,True,"Illustrative one-factor-at-a-time grid; bounds are not measured ranges or probability priors. Results are populations and per-encounter yields, not concentrations or biological fluxes. No encounter yield is converted to molarity, and no continuous biological ROS source is modeled.",1d8208b504af787754e184f77640f85675b5b634,01e64b526ae9ed2d5f192ae14068302e806c1e8b44576f4b4eb4b5f83a8e8039,configs/doxorubicin_parameters.json,b14b641f69afb70af9ff7557a062c2ce00e0b0cb74381ba69fcfaad4f17f04af,configs/parameter_provenance.csv,86c4261fcb9616a643db79340fe0b7398ba10a5c46464e67e8b697bcfc3a4ec9
mix_relax_quartet-manifold_mixture,quartet,quartet-manifold mixture PQ/4,,-1.008102552748629e-17,1000000.0,8.0,8e-06,1.0,1000000.0,1.0,1000000.0,1.0,1000000.0,1.0,1000000.0,1.0,1000000.0,0.1,100000.0,6.6097879788714665e-06,1.9032974420896626e-05,2.5642762399768093e-05,0.1384215544101029,0.06573920440158115,0.20416075881168405,0.7958135984259146,2.5642762399768093e-05,0.9999999999999984,1.5543122344752192e-15,constant-generator matrix exponential Pade(13),2,dimensionless populations/per-encounter yields,dimensionless per encounter unless field name gives s^-1 or s,True,"Illustrative one-factor-at-a-time grid; bounds are not measured ranges or probability priors. Results are populations and per-encounter yields, not concentrations or biological fluxes. No encounter yield is converted to molarity, and no continuous biological ROS source is modeled.",1d8208b504af787754e184f77640f85675b5b634,01e64b526ae9ed2d5f192ae14068302e806c1e8b44576f4b4eb4b5f83a8e8039,configs/doxorubicin_parameters.json,b14b641f69afb70af9ff7557a062c2ce00e0b0cb74381ba69fcfaad4f17f04af,configs/parameter_provenance.csv,86c4261fcb9616a643db79340fe0b7398ba10a5c46464e67e8b697bcfc3a4ec9
mix_relax_quartet-manifold_mixture,quartet,quartet-manifold mixture PQ/4,,-1.008102552748629e-17,1000000.0,8.0,8e-06,1.0,1000000.0,100.0,100000000.0,100.0,100000000.0,1.0,1000000.0,1.0,1000000.0,0.1,100000.0,4.584034519812443e-06,9.209386452678165e-06,1.3793420972490608e-05,0.23623582798746312,0.04795586823672955,0.28419169622419266,0.7157945103547587,1.3793420972490608e-05,0.9999999999999238,7.616129948928574e-14,constant-generator matrix exponential Pade(13),2,dimensionless populations/per-encounter yields,dimensionless per encounter unless field name gives s^-1 or s,True,"Illustrative one-factor-at-a-time grid; bounds are not measured ranges or probability priors. Results are populations and per-encounter yields, not concentrations or biological fluxes. No encounter yield is converted to molarity, and no continuous biological ROS source is modeled.",1d8208b504af787754e184f77640f85675b5b634,01e64b526ae9ed2d5f192ae14068302e806c1e8b44576f4b4eb4b5f83a8e8039,configs/doxorubicin_parameters.json,b14b641f69afb70af9ff7557a062c2ce00e0b0cb74381ba69fcfaad4f17f04af,configs/parameter_provenance.csv,86c4261fcb9616a643db79340fe0b7398ba10a5c46464e67e8b697bcfc3a4ec9
mix_relax_quartet-manifold_mixture,quartet,quartet-manifold mixture PQ/4,,-1.008102552748629e-17,1000000.0,8.0,8e-06,100.0,100000000.0,0.0,0.0,0.0,0.0,1.0,1000000.0,1.0,1000000.0,0.1,100000.0,2.061478763632314e-06,7.80774219869784e-05,8.013890075061072e-05,0.14469124858608598,0.06459430581155029,0.20928555439763627,0.7906343067015891,8.013890075061072e-05,0.999999999999976,2.398081733190338e-14,constant-generator matrix exponential Pade(13),2,dimensionless populations/per-encounter yields,dimensionless per encounter unless field name gives s^-1 or s,True,"Illustrative one-factor-at-a-time grid; bounds are not measured ranges or probability priors. Results are populations and per-encounter yields, not concentrations or biological fluxes. No encounter yield is converted to molarity, and no continuous biological ROS source is modeled.",1d8208b504af787754e184f77640f85675b5b634,01e64b526ae9ed2d5f192ae14068302e806c1e8b44576f4b4eb4b5f83a8e8039,configs/doxorubicin_parameters.json,b14b641f69afb70af9ff7557a062c2ce00e0b0cb74381ba69fcfaad4f17f04af,configs/parameter_provenance.csv,86c4261fcb9616a643db79340fe0b7398ba10a5c46464e67e8b697bcfc3a4ec9
mix_relax_quartet-manifold_mixture,quartet,quartet-manifold mixture PQ/4,,-1.008102552748629e-17,1000000.0,8.0,8e-06,100.0,100000000.0,0.01,10000.0,0.01,10000.0,1.0,1000000.0,1.0,1000000.0,0.1,100000.0,2.9475705520728883e-06,7.248118417137197e-05,7.542875472344487e-05,0.14609778412211424,0.0643390002728199,0.21043678439493413,0.7894877868503134,7.542875472344487e-05,0.999999999999971,2.8976820942716586e-14,constant-generator matrix exponential Pade(13),2,dimensionless populations/per-encounter yields,dimensionless per encounter unless field name gives s^-1 or s,True,"Illustrative one-factor-at-a-time grid; bounds are not measured ranges or probability priors. Results are populations and per-encounter yields, not concentrations or biological fluxes. No encounter yield is converted to molarity, and no continuous biological ROS source is modeled.",1d8208b504af787754e184f77640f85675b5b634,01e64b526ae9ed2d5f192ae14068302e806c1e8b44576f4b4eb4b5f83a8e8039,configs/doxorubicin_parameters.json,b14b641f69afb70af9ff7557a062c2ce00e0b0cb74381ba69fcfaad4f17f04af,configs/parameter_provenance.csv,86c4261fcb9616a643db79340fe0b7398ba10a5c46464e67e8b697bcfc3a4ec9
mix_relax_quartet-manifold_mixture,quartet,quartet-manifold mixture PQ/4,,-1.008102552748629e-17,1000000.0,8.0,8e-06,100.0,100000000.0,0.21544346900318834,215443.46900318834,0.21544346900318834,215443.46900318834,1.0,1000000.0,1.0,1000000.0,0.1,100000.0,6.865152641329373e-06,2.692092354716664e-05,3.3786076188496014e-05,0.16771922380599605,0.06041161511925427,0.22813083892525032,0.7718353749985387,3.3786076188496014e-05,0.9999999999999776,2.2426505097428162e-14,constant-generator matrix exponential Pade(13),2,dimensionless populations/per-encounter yields,dimensionless per encounter unless field name gives s^-1 or s,True,"Illustrative one-factor-at-a-time grid; bounds are not measured ranges or probability priors. Results are populations and per-encounter yields, not concentrations or biological fluxes. No encounter yield is converted to molarity, and no continuous biological ROS source is modeled.",1d8208b504af787754e184f77640f85675b5b634,01e64b526ae9ed2d5f192ae14068302e806c1e8b44576f4b4eb4b5f83a8e8039,configs/doxorubicin_parameters.json,b14b641f69afb70af9ff7557a062c2ce00e0b0cb74381ba69fcfaad4f17f04af,configs/parameter_provenance.csv,86c4261fcb9616a643db79340fe0b7398ba10a5c46464e67e8b697bcfc3a4ec9
mix_relax_quartet-manifold_mixture,quartet,quartet-manifold mixture PQ/4,,-1.008102552748629e-17,1000000.0,8.0,8e-06,100.0,100000000.0,1.0,1000000.0,1.0,1000000.0,1.0,1000000.0,1.0,1000000.0,0.1,100000.0,5.387549043729324e-06,1.2552862542549701e-05,1.7940411586279023e-05,0.20078339225450048,0.05440138864358057,0.25518478089808105,0.7447972786903064,1.7940411586279023e-05,0.9999999999999738,2.6201263381153694e-14,constant-generator matrix exponential Pade(13),2,dimensionless populations/per-encounter yields,dimensionless per encounter unless field name gives s^-1 or s,True,"Illustrative one-factor-at-a-time grid; bounds are not measured ranges or probability priors. Results are populations and per-encounter yields, not concentrations or biological fluxes. No encounter yield is converted to molarity, and no continuous biological ROS source is modeled.",1d8208b504af787754e184f77640f85675b5b634,01e64b526ae9ed2d5f192ae14068302e806c1e8b44576f4b4eb4b5f83a8e8039,configs/doxorubicin_parameters.json,b14b641f69afb70af9ff7557a062c2ce00e0b0cb74381ba69fcfaad4f17f04af,configs/parameter_provenance.csv,86c4261fcb9616a643db79340fe0b7398ba10a5c46464e67e8b697bcfc3a4ec9
mix_relax_quartet-manifold_mixture,quartet,quartet-manifold mixture PQ/4,,-1.008102552748629e-17,1000000.0,8.0,8e-06,100.0,100000000.0,100.0,100000000.0,100.0,100000000.0,1.0,1000000.0,1.0,1000000.0,0.1,100000.0,4.580577949424257e-06,9.196934389452845e-06,1.3777512338877102e-05,0.23648019939502737,0.047911438517955963,0.28439163791298333,0.715594584574587,1.3777512338877102e-05,0.9999999999999093,9.070522111187529e-14,constant-generator matrix exponential Pade(13),2,dimensionless populations/per-encounter yields,dimensionless per encounter unless field name gives s^-1 or s,True,"Illustrative one-factor-at-a-time grid; bounds are not measured ranges or probability priors. Results are populations and per-encounter yields, not concentrations or biological fluxes. No encounter yield is converted to molarity, and no continuous biological ROS source is modeled.",1d8208b504af787754e184f77640f85675b5b634,01e64b526ae9ed2d5f192ae14068302e806c1e8b44576f4b4eb4b5f83a8e8039,configs/doxorubicin_parameters.json,b14b641f69afb70af9ff7557a062c2ce00e0b0cb74381ba69fcfaad4f17f04af,configs/parameter_provenance.csv,86c4261fcb9616a643db79340fe0b7398ba10a5c46464e67e8b697bcfc3a4ec9
