order,stage,label,scientific_role,evidence_status,limitation,git_commit,source_fingerprint_sha256,config_path,config_sha256,provenance_path,provenance_sha256
1,upstream,"Doxorubicin
quinone",starting redox species,identity established,no spin preparation implied,98521a6d91bdf8253953be4ef358921dc95f31f2,05c23c85181f463e06bca5165ea599373a9bcb1b81a4e5d3ea50e0f803e62a69,configs/doxorubicin_parameters.json,0b7d200aedee3aed703b810ad54927a2126d9ee0952f6ef87cf5ebb57992d345,configs/parameter_provenance.csv,86c4261fcb9616a643db79340fe0b7398ba10a5c46464e67e8b697bcfc3a4ec9
2,upstream,"Semiquinone
formation",classical upstream preparation,mechanism context,formation fraction unavailable,98521a6d91bdf8253953be4ef358921dc95f31f2,05c23c85181f463e06bca5165ea599373a9bcb1b81a4e5d3ea50e0f803e62a69,configs/doxorubicin_parameters.json,0b7d200aedee3aed703b810ad54927a2126d9ee0952f6ef87cf5ebb57992d345,configs/parameter_provenance.csv,86c4261fcb9616a643db79340fe0b7398ba10a5c46464e67e8b697bcfc3a4ec9
3,encounter,"Semiquinone/O2
encounter",association boundary,framework only,"association, geometry, duration unavailable",98521a6d91bdf8253953be4ef358921dc95f31f2,05c23c85181f463e06bca5165ea599373a9bcb1b81a4e5d3ea50e0f803e62a69,configs/doxorubicin_parameters.json,0b7d200aedee3aed703b810ad54927a2126d9ee0952f6ef87cf5ebb57992d345,configs/parameter_provenance.csv,86c4261fcb9616a643db79340fe0b7398ba10a5c46464e67e8b697bcfc3a4ec9
4,encounter,"Doublet/quartet
dynamics",six-state density matrix,exact spin algebra,coherence and prepared D/Q state not established,98521a6d91bdf8253953be4ef358921dc95f31f2,05c23c85181f463e06bca5165ea599373a9bcb1b81a4e5d3ea50e0f803e62a69,configs/doxorubicin_parameters.json,0b7d200aedee3aed703b810ad54927a2126d9ee0952f6ef87cf5ebb57992d345,configs/parameter_provenance.csv,86c4261fcb9616a643db79340fe0b7398ba10a5c46464e67e8b697bcfc3a4ec9
5,encounter,"Reaction
or escape",spin-selective loss and escape,sensitivity variables,"kD, kQ and escape unavailable",98521a6d91bdf8253953be4ef358921dc95f31f2,05c23c85181f463e06bca5165ea599373a9bcb1b81a4e5d3ea50e0f803e62a69,configs/doxorubicin_parameters.json,0b7d200aedee3aed703b810ad54927a2126d9ee0952f6ef87cf5ebb57992d345,configs/parameter_provenance.csv,86c4261fcb9616a643db79340fe0b7398ba10a5c46464e67e8b697bcfc3a4ec9
6,downstream,"Primary
superoxide",one radical equivalent per reacted encounter,stoichiometric mapping,per-encounter yield is not concentration,98521a6d91bdf8253953be4ef358921dc95f31f2,05c23c85181f463e06bca5165ea599373a9bcb1b81a4e5d3ea50e0f803e62a69,configs/doxorubicin_parameters.json,0b7d200aedee3aed703b810ad54927a2126d9ee0952f6ef87cf5ebb57992d345,configs/parameter_provenance.csv,86c4261fcb9616a643db79340fe0b7398ba10a5c46464e67e8b697bcfc3a4ec9
7,downstream,"Spontaneous/SOD
dismutation",two radicals per H2O2,condition-specific aqueous constants,fixed pH and constant SOD,98521a6d91bdf8253953be4ef358921dc95f31f2,05c23c85181f463e06bca5165ea599373a9bcb1b81a4e5d3ea50e0f803e62a69,configs/doxorubicin_parameters.json,0b7d200aedee3aed703b810ad54927a2126d9ee0952f6ef87cf5ebb57992d345,configs/parameter_provenance.csv,86c4261fcb9616a643db79340fe0b7398ba10a5c46464e67e8b697bcfc3a4ec9
8,downstream,"H2O2
formation/loss",separate downstream product and sink,bounded kinetic model,loss is illustrative and compartment-specific,98521a6d91bdf8253953be4ef358921dc95f31f2,05c23c85181f463e06bca5165ea599373a9bcb1b81a4e5d3ea50e0f803e62a69,configs/doxorubicin_parameters.json,0b7d200aedee3aed703b810ad54927a2126d9ee0952f6ef87cf5ebb57992d345,configs/parameter_provenance.csv,86c4261fcb9616a643db79340fe0b7398ba10a5c46464e67e8b697bcfc3a4ec9
